event_code, primary_location, direction, extent, diversion_advice, ltn, rds_cc, length_route_affected, speed_limit_advice, quantifier, supplementary_info, additional_event, detailed_diversion_instructions, destinations, cross_linkage_to_source_problem, start_unix_time, stop_unix_time, iso_cc, latitude, longitude, activate_unix_time, expire_unix_time, geocoded_location_list, iid, duration, control_code, separator, information_category
2049,12058,0,1,0,10,12,65535,89,65535,65535,65535,4294967295,4294967295,4294967295,0,0,CN,29.07415,119.18527,1392188400,1392190200, ,0xa5b9633ca2c9f52ebd7bbda19e5f2424,1,65535,255,218
2049,12059,1,1,0,10,12,65535,91,65535,65535,65535,4294967295,4294967295,4294967295,0,0,CN,29.10196,119.31954,1392188400,1392190200, ,0xf561548e4002500790e7ac67463e0931,1,65535,255,218
2050,12060,1,1,0,10,12,65535,81,65535,65535,65535,4294967295,4294967295,4294967295,0,0,CN,29.09386,119.37731,1392188400,1392190200, ,0xf823840cc5688fbcb37f31bf3befe9cf,1,65535,255,218
2049,12063,0,1,0,10,12,65535,72,65535,65535,65535,4294967295,4294967295,4294967295,0,0,CN,29.23838,119.87261,1392188400,1392190200, ,0xea9a23b9dcda6c9b938523f9838c5028,1,65535,255,218
2049,12066,1,1,0,10,12,65535,57,65535,65535,65535,4294967295,4294967295,4294967295,0,0,CN,29.3777,120.02834,1392188400,1392190200, ,0x80f7c43690a2cca9e246e942c438f3be,1,65535,255,218
2049,12067,1,1,0,10,12,65535,95,65535,65535,65535,4294967295,4294967295,4294967295,0,0,CN,29.43725,120.02752,1392188400,1392190200, ,0x888f0488602b15e9d23bea63f72a4ca9,1,65535,255,218
2049,12071,1,1,0,10,12,65535,91,65535,65535,65535,4294967295,4294967295,4294967295,0,0,CN,28.86403,119.94536,1392188400,1392190200, ,0xee989a49c6eec00cc15bb2355250af94,1,65535,255,218
2049,12072,1,1,0,10,12,65535,106,65535,65535,65535,4294967295,4294967295,4294967295,0,0,CN,28.92334,119.86791,1392188400,1392190200, ,0xb56b29a652a5a5b58098af182d0d492f,1,65535,255,218
2050,12073,1,1,0,10,12,65535,80,65535,65535,65535,4294967295,4294967295,4294967295,0,0,CN,28.9412,119.83072,1392188400,1392190200, ,0xb03b9653b86c8ddb911097cfe9194de8,1,65535,255,218
2049,12077,1,1,0,10,12,65535,88,65535,65535,65535,4294967295,4294967295,4294967295,0,0,CN,29.2188,119.96217,1392188400,1392190200, ,0xd459638406fbf0e8f7b7de689b5526e2,1,65535,255,218
2050,12082,1,1,0,10,12,65535,75,65535,65535,65535,4294967295,4294967295,4294967295,0,0,CN,29.34888,120.37306,1392188400,1392190200, ,0x029b0cfaccd07d2a594f11eb85249cae,1,65535,255,218
2050,12408,1,1,0,10,12,65535,29,65535,65535,65535,4294967295,4294967295,4294967295,0,0,CN,29.11312,119.67914,1392188400,1392190200, ,0xe6477450ea9fef33cc3a759539dc4f00,1,65535,255,218
2050,12408,0,1,0,10,12,65535,35,65535,65535,65535,4294967295,4294967295,4294967295,0,0,CN,29.11312,119.67914,1392188400,1392190200, ,0x1a726c6ed7d1329a1d1a9c019a6464db,1,65535,255,218
2049,12411,0,1,0,10,12,65535,33,65535,65535,65535,4294967295,4294967295,4294967295,0,0,CN,29.09108,119.69279,1392188400,1392190200, ,0x3fa25dc1138abc5cdc57cc2f18a8e93a,1,65535,255,218
2049,12413,1,1,0,10,12,65535,30,65535,65535,65535,4294967295,4294967295,4294967295,0,0,CN,29.08066,119.69126,1392188400,1392190200, ,0x2a610ee7269406dd2785ab58192a2657,1,65535,255,218
2049,12413,0,1,0,10,12,65535,37,65535,65535,65535,4294967295,4294967295,4294967295,0,0,CN,29.08066,119.69126,1392188400,1392190200, ,0x25829762f622286648b33119d0c87579,1,65535,255,218
2049,12414,1,1,0,10,12,65535,44,65535,65535,65535,4294967295,4294967295,4294967295,0,0,CN,29.07098,119.67811,1392188400,1392190200, ,0xd3741769edcf595e5de2150e6f1f2183,1,65535,255,218
2050,12416,0,1,0,10,12,65535,28,65535,65535,65535,4294967295,4294967295,4294967295,0,0,CN,29.07196,119.66273,1392188400,1392190200, ,0xb4edc3d8f162f1ec15bfb540b0cc12ae,1,65535,255,218
2049,12417,1,1,0,10,12,65535,29,65535,65535,65535,4294967295,4294967295,4294967295,0,0,CN,29.07148,119.65687,1392188400,1392190200, ,0x677614614af5384f0012e320a174b232,1,65535,255,218
2050,12419,0,1,0,10,12,65535,28,65535,65535,65535,4294967295,4294967295,4294967295,0,0,CN,29.07088,119.647,1392188400,1392190200, ,0x8cc624212b96ce15930c3bb5ae797297,1,65535,255,218
2050,12420,1,1,0,10,12,65535,27,65535,65535,65535,4294967295,4294967295,4294967295,0,0,CN,29.07038,119.63911,1392188400,1392190200, ,0xac5dc771d502cd1d769ab22144aab387,1,65535,255,218
2049,12422,0,1,0,10,12,65535,53,65535,65535,65535,4294967295,4294967295,4294967295,0,0,CN,29.07576,119.62656,1392188400,1392190200, ,0x19a7f98bfe5afa7256fe65c6a10c1d5f,1,65535,255,218
2050,12423,1,1,0,10,12,65535,42,65535,65535,65535,4294967295,4294967295,4294967295,0,0,CN,29.07864,119.6246,1392188400,1392190200, ,0x05dedbb1cc24cdc4a951e30df10bb6ec,1,65535,255,218
2049,12423,0,1,0,10,12,65535,46,65535,65535,65535,4294967295,4294967295,4294967295,0,0,CN,29.07864,119.6246,1392188400,1392190200, ,0x2de7e1e8e348ab192beb570c6dc8cab2,1,65535,255,218
2050,12424,0,1,0,10,12,65535,55,65535,65535,65535,4294967295,4294967295,4294967295,0,0,CN,29.09193,119.61803,1392188400,1392190200, ,0x8a597ee22b34041f65278a9c3a346e4a,1,65535,255,218
2050,12426,1,1,0,10,12,65535,43,65535,65535,65535,4294967295,4294967295,4294967295,0,0,CN,29.10658,119.63044,1392188400,1392190200, ,0x14027ac945c4067fe54163d06a9cc152,1,65535,255,218
2050,12432,0,1,0,10,12,65535,46,65535,65535,65535,4294967295,4294967295,4294967295,0,0,CN,29.12732,119.63485,1392188400,1392190200, ,0x954bab92d1986dde5231915249bffb87,1,65535,255,218
2050,12433,0,1,0,10,12,65535,41,65535,65535,65535,4294967295,4294967295,4294967295,0,0,CN,29.13103,119.64555,1392188400,1392190200, ,0x7be9affcb62f9ea43b07f5bc6a8e46d9,1,65535,255,218
2050,12435,1,1,0,10,12,65535,30,65535,65535,65535,4294967295,4294967295,4294967295,0,0,CN,29.1334,119.65815,1392188400,1392190200, ,0xeaedb31468af645934ef1ca3978e36d1,1,65535,255,218
2049,12436,0,1,0,10,12,65535,65,65535,65535,65535,4294967295,4294967295,4294967295,0,0,CN,29.13418,119.6652,1392188400,1392190200, ,0x8f0bd51c2bf4abdc18f0a94d4683c1c1,1,65535,255,218
2049,12437,0,1,0,10,12,65535,83,65535,65535,65535,4294967295,4294967295,4294967295,0,0,CN,29.13413,119.68391,1392188400,1392190200, ,0x09c27a21aa4e1f784279a49d1a5827b4,1,65535,255,218
2050,12438,1,1,0,10,12,65535,57,65535,65535,65535,4294967295,4294967295,4294967295,0,0,CN,29.13764,119.69526,1392188400,1392190200, ,0xcf14497db899c2c1e6d870c0698c6fed,1,65535,255,218
2050,12438,0,1,0,10,12,65535,54,65535,65535,65535,4294967295,4294967295,4294967295,0,0,CN,29.13764,119.69526,1392188400,1392190200, ,0x17b20f933008d6baea3380a79cecbfd4,1,65535,255,218
2050,12442,1,1,0,10,12,65535,48,65535,65535,65535,4294967295,4294967295,4294967295,0,0,CN,29.09759,119.71962,1392188400,1392190200, ,0xe5df8dd3d8bb1deabf39cba808a6c1a1,1,65535,255,218
2049,12452,1,1,0,10,12,65535,34,65535,65535,65535,4294967295,4294967295,4294967295,0,0,CN,29.0384,119.59167,1392188400,1392190200, ,0x5d2ff1722ce5fe6abdcce2097a5e7d46,1,65535,255,218
2050,12454,0,1,0,10,12,65535,36,65535,65535,65535,4294967295,4294967295,4294967295,0,0,CN,29.04611,119.58303,1392188400,1392190200, ,0x591d9724d9bdc461bd779872dd98e13e,1,65535,255,218
2050,12462,1,1,0,10,12,65535,30,65535,65535,65535,4294967295,4294967295,4294967295,0,0,CN,29.10553,119.53551,1392188400,1392190200, ,0x063364984f8d26746aa691d3cd606667,1,65535,255,218
2050,12463,0,1,0,10,12,65535,41,65535,65535,65535,4294967295,4294967295,4294967295,0,0,CN,29.08939,119.54226,1392188400,1392190200, ,0x07c40f4a9bcddc751aef75770d200a8b,1,65535,255,218
2050,12464,1,1,0,10,12,65535,40,65535,65535,65535,4294967295,4294967295,4294967295,0,0,CN,29.0826,119.55823,1392188400,1392190200, ,0x8e321121917945a28eb3a8f5c4472d0e,1,65535,255,218
2050,12464,0,1,0,10,12,65535,39,65535,65535,65535,4294967295,4294967295,4294967295,0,0,CN,29.0826,119.55823,1392188400,1392190200, ,0x7330ee21c452462b9ca808371f940302,1,65535,255,218
2050,12465,0,1,0,10,12,65535,37,65535,65535,65535,4294967295,4294967295,4294967295,0,0,CN,29.04401,119.68115,1392188400,1392190200, ,0x1331092e6734ee60e31e9cc990e5395d,1,65535,255,218
2050,12467,1,1,0,10,12,65535,38,65535,65535,65535,4294967295,4294967295,4294967295,0,0,CN,29.07293,119.57566,1392188400,1392190200, ,0x1913706a40e8c169b054744717fd684a,1,65535,255,218
2050,12468,0,1,0,10,12,65535,30,65535,65535,65535,4294967295,4294967295,4294967295,0,0,CN,29.0706,119.59465,1392188400,1392190200, ,0xaf1cc5b62b83441de56d261e2444c5ce,1,65535,255,218
2050,12471,0,1,0,10,12,65535,35,65535,65535,65535,4294967295,4294967295,4294967295,0,0,CN,29.05398,119.62225,1392188400,1392190200, ,0x0b7b64b40ca7c0d13df7696161ec5d3e,1,65535,255,218
2049,12473,1,1,0,10,12,65535,45,65535,65535,65535,4294967295,4294967295,4294967295,0,0,CN,29.05876,119.64797,1392188400,1392190200, ,0x175bf32fba090c82a847c541289d1c04,1,65535,255,218
2050,12474,0,1,0,10,12,65535,24,65535,65535,65535,4294967295,4294967295,4294967295,0,0,CN,29.05945,119.65787,1392188400,1392190200, ,0xc0f252acd79935d938adf06fd9d789b1,1,65535,255,218
2050,12476,0,1,0,10,12,65535,32,65535,65535,65535,4294967295,4294967295,4294967295,0,0,CN,29.06152,119.67943,1392188400,1392190200, ,0xbe614dd51f685c953b0685950e02fe7a,1,65535,255,218
2049,12477,1,1,0,10,12,65535,33,65535,65535,65535,4294967295,4294967295,4294967295,0,0,CN,29.06613,119.72488,1392188400,1392190200, ,0x1261b79d71d316db4c4898aec1b8be0c,1,65535,255,218
2050,12477,0,1,0,10,12,65535,33,65535,65535,65535,4294967295,4294967295,4294967295,0,0,CN,29.06613,119.72488,1392188400,1392190200, ,0x0de1ff7305dc49d4aa91443bdc74ae2b,1,65535,255,218
2050,12478,1,1,0,10,12,65535,22,65535,65535,65535,4294967295,4294967295,4294967295,0,0,CN,29.05404,119.76043,1392188400,1392190200, ,0x860d6e78a09202376d0424148c4bc6d3,1,65535,255,218
2049,12481,1,1,0,10,12,65535,29,65535,65535,65535,4294967295,4294967295,4294967295,0,0,CN,29.13129,119.60064,1392188400,1392190200, ,0xa77e73be0b2fa67e5fb4184f0a76bb6d,1,65535,255,218
2050,12481,0,1,0,10,12,65535,27,65535,65535,65535,4294967295,4294967295,4294967295,0,0,CN,29.13129,119.60064,1392188400,1392190200, ,0x2bede133f1d77710d9d26a35ca71d475,1,65535,255,218
2050,12482,1,1,0,10,12,65535,28,65535,65535,65535,4294967295,4294967295,4294967295,0,0,CN,29.11414,119.61792,1392188400,1392190200, ,0x86d40e3fa354ca627af7d09899d4aec5,1,65535,255,218
2051,12484,0,1,0,10,12,65535,19,65535,65535,65535,4294967295,4294967295,4294967295,0,0,CN,29.10658,119.63044,1392188400,1392190200, ,0x0882b3a57bd1e9344eaf86721984878f,1,65535,255,218
2050,12486,1,1,0,10,12,65535,30,65535,65535,65535,4294967295,4294967295,4294967295,0,0,CN,29.10768,119.63628,1392188400,1392190200, ,0xfd5f34cfde3da195a440a4e56e14cac0,1,65535,255,218
2050,12489,0,1,0,10,12,65535,34,65535,65535,65535,4294967295,4294967295,4294967295,0,0,CN,29.10763,119.65179,1392188400,1392190200, ,0xf5dff4ed114a77512f2de5131ac54e8b,1,65535,255,218
2050,12496,1,1,0,10,12,65535,46,65535,65535,65535,4294967295,4294967295,4294967295,0,0,CN,29.11312,119.67914,1392188400,1392190200, ,0x7cc1b3d639aa6ed1985d665e511b0dd5,1,65535,255,218
2049,12510,0,1,0,10,12,65535,28,65535,65535,65535,4294967295,4294967295,4294967295,0,0,CN,29.07803,119.63263,1392188400,1392190200, ,0x4030070f8b388ec4fcbb2ec4f7ebde62,1,65535,255,218
2050,12511,1,1,0,10,12,65535,26,65535,65535,65535,4294967295,4294967295,4294967295,0,0,CN,29.07895,119.63795,1392188400,1392190200, ,0xbaaa7f17217609259079ee06e5064855,1,65535,255,218
2049,12511,0,1,0,10,12,65535,32,65535,65535,65535,4294967295,4294967295,4294967295,0,0,CN,29.07895,119.63795,1392188400,1392190200, ,0x00d13d2acff105b73989177442edb380,1,65535,255,218
2049,12512,1,1,0,10,12,65535,35,65535,65535,65535,4294967295,4294967295,4294967295,0,0,CN,29.07959,119.64183,1392188400,1392190200, ,0xadef70d10b4f74e9722133dac61b5da5,1,65535,255,218
2049,12512,0,1,0,10,12,65535,29,65535,65535,65535,4294967295,4294967295,4294967295,0,0,CN,29.07959,119.64183,1392188400,1392190200, ,0x1420732f6b614d508fbacc592063a8d8,1,65535,255,218
2049,12513,1,1,0,10,12,65535,52,65535,65535,65535,4294967295,4294967295,4294967295,0,0,CN,29.08018,119.64545,1392188400,1392190200, ,0x5ab85185a7d65db9ced7ec067b753b62,1,65535,255,218
2050,12515,1,1,0,10,12,65535,35,65535,65535,65535,4294967295,4294967295,4294967295,0,0,CN,29.08166,119.65479,1392188400,1392190200, ,0x51a82d02737e2a6e22b4d5149e9f9c68,1,65535,255,218
2049,12516,1,1,0,10,12,65535,48,65535,65535,65535,4294967295,4294967295,4294967295,0,0,CN,29.08254,119.66062,1392188400,1392190200, ,0x69821b1538bca13a11d8b8b67108a11e,1,65535,255,218
2050,12516,0,1,0,10,12,65535,33,65535,65535,65535,4294967295,4294967295,4294967295,0,0,CN,29.08254,119.66062,1392188400,1392190200, ,0x94c9fdc8c77becf25ec56820f87e775b,1,65535,255,218
2049,12517,1,1,0,10,12,65535,34,65535,65535,65535,4294967295,4294967295,4294967295,0,0,CN,29.15124,119.70351,1392188400,1392190200, ,0x280b2ce6a4eca07e874ec208f3b1c105,1,65535,255,218
2049,12517,0,1,0,10,12,65535,48,65535,65535,65535,4294967295,4294967295,4294967295,0,0,CN,29.15124,119.70351,1392188400,1392190200, ,0xc5715195f701abd81c095c942ee5ffff,1,65535,255,218
2050,12518,1,1,0,10,12,65535,25,65535,65535,65535,4294967295,4294967295,4294967295,0,0,CN,29.08414,119.6698,1392188400,1392190200, ,0xe3345fc10d1faa2ba47c12227c511629,1,65535,255,218
2049,12518,0,1,0,10,12,65535,42,65535,65535,65535,4294967295,4294967295,4294967295,0,0,CN,29.08414,119.6698,1392188400,1392190200, ,0xa59963b5a27aca6eb54d268cd642ac04,1,65535,255,218
2050,12521,1,1,0,10,12,65535,25,65535,65535,65535,4294967295,4294967295,4294967295,0,0,CN,29.0935,119.68523,1392188400,1392190200, ,0xbc917c3a36238df600184280eff5b597,1,65535,255,218
2050,12522,0,1,0,10,12,65535,27,65535,65535,65535,4294967295,4294967295,4294967295,0,0,CN,29.09537,119.68995,1392188400,1392190200, ,0xb8d0df5997fbaffaf2e3cb3abd68458a,1,65535,255,218
2050,12524,1,1,0,10,12,65535,29,65535,65535,65535,4294967295,4294967295,4294967295,0,0,CN,29.09759,119.71962,1392188400,1392190200, ,0x7ba7d748bb72367184a53065f6b602f4,1,65535,255,218
2050,12525,0,1,0,10,12,65535,29,65535,65535,65535,4294967295,4294967295,4294967295,0,0,CN,29.09758,119.71297,1392188400,1392190200, ,0x7d9228efcb18d57f46d552c04942c162,1,65535,255,218
2050,12528,1,1,0,10,12,65535,23,65535,65535,65535,4294967295,4294967295,4294967295,0,0,CN,29.09843,119.65103,1392188400,1392190200, ,0x9735032e0f9e3ff5c0f4ac742cf26a91,1,65535,255,218
2050,12528,0,1,0,10,12,65535,21,65535,65535,65535,4294967295,4294967295,4294967295,0,0,CN,29.09843,119.65103,1392188400,1392190200, ,0xf8d40da71f4507321f064a7524c76d55,1,65535,255,218
2050,12529,0,1,0,10,12,65535,25,65535,65535,65535,4294967295,4294967295,4294967295,0,0,CN,29.10206,119.63873,1392188400,1392190200, ,0x14ab7c215f3e7e17a28ed82df186ec21,1,65535,255,218
2050,12531,1,1,0,10,12,65535,25,65535,65535,65535,4294967295,4294967295,4294967295,0,0,CN,29.10897,119.63589,1392188400,1392190200, ,0x2b5c0e515bde09a1905b72ee0d7307b1,1,65535,255,218
2051,12532,1,1,0,10,12,65535,13,65535,65535,65535,4294967295,4294967295,4294967295,0,0,CN,29.08813,119.64381,1392188400,1392190200, ,0x928b175358b7dabd5dccebbe159b53f3,1,65535,255,218
2050,12532,0,1,0,10,12,65535,20,65535,65535,65535,4294967295,4294967295,4294967295,0,0,CN,29.08813,119.64381,1392188400,1392190200, ,0x6303114b9bd3a2c22e447599c5b0153f,1,65535,255,218
2049,12536,1,1,0,10,12,65535,47,65535,65535,65535,4294967295,4294967295,4294967295,0,0,CN,29.05876,119.64797,1392188400,1392190200, ,0xc3236ab62722d769bd101cdd3f9b7d0a,1,65535,255,218
2050,12537,1,1,0,10,12,65535,36,65535,65535,65535,4294967295,4294967295,4294967295,0,0,CN,29.06354,119.64759,1392188400,1392190200, ,0x53395f203d0086aaf664684babbfc0a8,1,65535,255,218
2049,12537,0,1,0,10,12,65535,56,65535,65535,65535,4294967295,4294967295,4294967295,0,0,CN,29.06354,119.64759,1392188400,1392190200, ,0xa3ccd748da3c27e6574ff61552236db2,1,65535,255,218
2050,12538,1,1,0,10,12,65535,38,65535,65535,65535,4294967295,4294967295,4294967295,0,0,CN,29.07088,119.647,1392188400,1392190200, ,0xb77bc2a0f85401608af9cfeeac9a6b85,1,65535,255,218
2049,12538,0,1,0,10,12,65535,55,65535,65535,65535,4294967295,4294967295,4294967295,0,0,CN,29.07088,119.647,1392188400,1392190200, ,0x4c7fec451bd59ea4913f8d17a94e3978,1,65535,255,218
2050,12539,0,1,0,10,12,65535,29,65535,65535,65535,4294967295,4294967295,4294967295,0,0,CN,29.07636,119.64621,1392188400,1392190200, ,0x5e8c0892e32cee414984ae02881486a0,1,65535,255,218
2050,12540,1,1,0,10,12,65535,30,65535,65535,65535,4294967295,4294967295,4294967295,0,0,CN,29.08018,119.64545,1392188400,1392190200, ,0xc8330fb3b691e462d2600968c149a378,1,65535,255,218
2049,12540,0,1,0,10,12,65535,60,65535,65535,65535,4294967295,4294967295,4294967295,0,0,CN,29.08018,119.64545,1392188400,1392190200, ,0x92bbbe2e7fe092e1d3bbba53764600a3,1,65535,255,218
2049,12541,0,1,0,10,12,65535,48,65535,65535,65535,4294967295,4294967295,4294967295,0,0,CN,29.0836,119.64476,1392188400,1392190200, ,0x3ba5b5b821bd5b99ba9250e706b30589,1,65535,255,218
2049,12546,0,1,0,10,12,65535,52,65535,65535,65535,4294967295,4294967295,4294967295,0,0,CN,29.05945,119.65787,1392188400,1392190200, ,0x6401812b5048be410d010dd443a7b339,1,65535,255,218
2050,12547,1,1,0,10,12,65535,34,65535,65535,65535,4294967295,4294967295,4294967295,0,0,CN,29.06418,119.65746,1392188400,1392190200, ,0xc945140ff0af1a00487fc852a93ff157,1,65535,255,218
2050,12547,0,1,0,10,12,65535,24,65535,65535,65535,4294967295,4294967295,4294967295,0,0,CN,29.06418,119.65746,1392188400,1392190200, ,0x674b737af7603d3ad5f2766875774aec,1,65535,255,218
2050,12548,1,1,0,10,12,65535,30,65535,65535,65535,4294967295,4294967295,4294967295,0,0,CN,29.07148,119.65687,1392188400,1392190200, ,0x742464f1cab6bbf9ae497cf4d538ff7c,1,65535,255,218
2050,12550,0,1,0,10,12,65535,33,65535,65535,65535,4294967295,4294967295,4294967295,0,0,CN,29.08166,119.65479,1392188400,1392190200, ,0x8c64d8bddf00f24c1dfcdb278a48b122,1,65535,255,218
2050,12551,1,1,0,10,12,65535,40,65535,65535,65535,4294967295,4294967295,4294967295,0,0,CN,29.08511,119.65409,1392188400,1392190200, ,0x1dc2d4fc2f52ca717117efbabef7ad1c,1,65535,255,218
2050,12551,0,1,0,10,12,65535,29,65535,65535,65535,4294967295,4294967295,4294967295,0,0,CN,29.08511,119.65409,1392188400,1392190200, ,0x909d3dc299e5d6fc7c96718f76526774,1,65535,255,218
2050,12562,1,1,0,10,12,65535,37,65535,65535,65535,4294967295,4294967295,4294967295,0,0,CN,29.11988,119.65308,1392188400,1392190200, ,0x923f8981306c30e05099bb0bc7a76642,1,65535,255,218
2050,12565,1,1,0,10,12,65535,31,65535,65535,65535,4294967295,4294967295,4294967295,0,0,CN,29.13279,119.65303,1392188400,1392190200, ,0xed6be5fb66402f11dd0597a0c715ec62,1,65535,255,218
2050,12566,0,1,0,10,12,65535,39,65535,65535,65535,4294967295,4294967295,4294967295,0,0,CN,29.13675,119.65147,1392188400,1392190200, ,0x55e2e48f928e6647bbf1ab85908c6988,1,65535,255,218
2049,12572,1,1,0,10,12,65535,35,65535,65535,65535,4294967295,4294967295,4294967295,0,0,CN,29.05669,119.6799,1392188400,1392190200, ,0x26a2a1863c4ce8452d3d3e020a8e9808,1,65535,255,218
2050,12573,1,1,0,10,12,65535,35,65535,65535,65535,4294967295,4294967295,4294967295,0,0,CN,29.06152,119.67943,1392188400,1392190200, ,0x4d450204867ebde9bd5423aa8704afc4,1,65535,255,218
2049,12573,0,1,0,10,12,65535,30,65535,65535,65535,4294967295,4294967295,4294967295,0,0,CN,29.06152,119.67943,1392188400,1392190200, ,0xea3b0501f8b67c57f167025fbaa95a61,1,65535,255,218
2050,12574,0,1,0,10,12,65535,33,65535,65535,65535,4294967295,4294967295,4294967295,0,0,CN,29.07098,119.67811,1392188400,1392190200, ,0x8016a87982ed2c1af740baa7dcdffa1c,1,65535,255,218
2050,12576,1,1,0,10,12,65535,43,65535,65535,65535,4294967295,4294967295,4294967295,0,0,CN,29.10002,119.66789,1392188400,1392190200, ,0xecf6bce243704da7547f9826e431ebdc,1,65535,255,218
2049,12577,1,1,0,10,12,65535,49,65535,65535,65535,4294967295,4294967295,4294967295,0,0,CN,29.10264,119.66739,1392188400,1392190200, ,0x3b1260f2229522762700be32bfc30bd6,1,65535,255,218
2050,12577,0,1,0,10,12,65535,40,65535,65535,65535,4294967295,4294967295,4294967295,0,0,CN,29.10264,119.66739,1392188400,1392190200, ,0x035ac8ccdffb0569ce9d57b9a69e9710,1,65535,255,218
2050,12578,1,1,0,10,12,65535,55,65535,65535,65535,4294967295,4294967295,4294967295,0,0,CN,29.10726,119.66637,1392188400,1392190200, ,0x12c893712460f3ac2d2836f8b68bfbfe,1,65535,255,218
2049,12578,0,1,0,10,12,65535,47,65535,65535,65535,4294967295,4294967295,4294967295,0,0,CN,29.10726,119.66637,1392188400,1392190200, ,0x79e4c9556ab4b3bd60ec6f707a9920a0,1,65535,255,218
2050,12582,1,1,0,10,12,65535,38,65535,65535,65535,4294967295,4294967295,4294967295,0,0,CN,29.15124,119.70351,1392188400,1392190200, ,0x20e4027f98c75341c616fdde7444b58a,1,65535,255,218
2050,12583,0,1,0,10,12,65535,35,65535,65535,65535,4294967295,4294967295,4294967295,0,0,CN,29.15493,119.71514,1392188400,1392190200, ,0x8a1677e6daf4506f414aacd6d28c240b,1,65535,255,218
2050,12588,0,1,0,10,12,65535,30,65535,65535,65535,4294967295,4294967295,4294967295,0,0,CN,29.06613,119.72488,1392188400,1392190200, ,0xb4f2595896aace4af2559cc15bceda10,1,65535,255,218
2050,12593,1,1,0,10,12,65535,37,65535,65535,65535,4294967295,4294967295,4294967295,0,0,CN,29.12434,119.63871,1392188400,1392190200, ,0x9ee93f718931df341c4bc9e5d65a0047,1,65535,255,218
2050,12593,0,1,0,10,12,65535,39,65535,65535,65535,4294967295,4294967295,4294967295,0,0,CN,29.12434,119.63871,1392188400,1392190200, ,0x7b0061aa21972abe6c5519a98111a501,1,65535,255,218
2050,12596,1,1,0,10,12,65535,40,65535,65535,65535,4294967295,4294967295,4294967295,0,0,CN,29.12672,119.6466,1392188400,1392190200, ,0x83a05c75ab0859b78dc0ade95940c113,1,65535,255,218
2050,12597,1,1,0,10,12,65535,40,65535,65535,65535,4294967295,4294967295,4294967295,0,0,CN,29.12769,119.65298,1392188400,1392190200, ,0x89ee1bb59c8d0d8c25e4af8b5cfc7608,1,65535,255,218
2050,12597,0,1,0,10,12,65535,29,65535,65535,65535,4294967295,4294967295,4294967295,0,0,CN,29.12769,119.65298,1392188400,1392190200, ,0x2105e0456572f583701c071cdce3611f,1,65535,255,218
2050,12600,1,1,0,10,12,65535,31,65535,65535,65535,4294967295,4294967295,4294967295,0,0,CN,29.12817,119.66526,1392188400,1392190200, ,0xb484f2123094bd725be4f644045ed9c0,1,65535,255,218
2049,12601,1,1,0,10,12,65535,31,65535,65535,65535,4294967295,4294967295,4294967295,0,0,CN,29.12802,119.67241,1392188400,1392190200, ,0x1be2e1dc0e8fd2ca83bec740f58fb231,1,65535,255,218
2050,12601,0,1,0,10,12,65535,30,65535,65535,65535,4294967295,4294967295,4294967295,0,0,CN,29.12802,119.67241,1392188400,1392190200, ,0x6a4008ce0e6dd4d9e0d44215c81a088d,1,65535,255,218
2050,12603,1,1,0,10,12,65535,40,65535,65535,65535,4294967295,4294967295,4294967295,0,0,CN,29.11993,119.63985,1392188400,1392190200, ,0x4ea0a6733474dfc2bc209b808749297a,1,65535,255,218
2049,12603,0,1,0,10,12,65535,31,65535,65535,65535,4294967295,4294967295,4294967295,0,0,CN,29.11993,119.63985,1392188400,1392190200, ,0x67088460233911ec6b6d766814f650b9,1,65535,255,218
2050,12607,1,1,0,10,12,65535,46,65535,65535,65535,4294967295,4294967295,4294967295,0,0,CN,29.12321,119.65314,1392188400,1392190200, ,0xe48ca4e187232e7b996cc442bd8c642f,1,65535,255,218
2050,12608,0,1,0,10,12,65535,37,65535,65535,65535,4294967295,4294967295,4294967295,0,0,CN,29.12307,119.66398,1392188400,1392190200, ,0xc0e67c44399ffce0f252d563042d0bdb,1,65535,255,218
2050,12609,0,1,0,10,12,65535,25,65535,65535,65535,4294967295,4294967295,4294967295,0,0,CN,29.12286,119.66649,1392188400,1392190200, ,0x3a934ee9b33ff3f863956662c3d6fe4c,1,65535,255,218
2051,12612,1,1,0,10,12,65535,16,65535,65535,65535,4294967295,4294967295,4294967295,0,0,CN,29.12672,119.6466,1392188400,1392190200, ,0x3b64b7e8e4e12eb3b3af9a72df239421,1,65535,255,218
2050,12612,0,1,0,10,12,65535,37,65535,65535,65535,4294967295,4294967295,4294967295,0,0,CN,29.12672,119.6466,1392188400,1392190200, ,0xd35a2ee0b89744a945ccc0af01ce13bc,1,65535,255,218
2050,12613,0,1,0,10,12,65535,39,65535,65535,65535,4294967295,4294967295,4294967295,0,0,CN,29.13103,119.64555,1392188400,1392190200, ,0xca80b38c20f7cfe49184cf6a452e4b5e,1,65535,255,218
2050,12617,1,1,0,10,12,65535,38,65535,65535,65535,4294967295,4294967295,4294967295,0,0,CN,29.12766,119.65572,1392188400,1392190200, ,0x0df892dc5274f216da14c2ba7c23e25c,1,65535,255,218
2050,12618,1,1,0,10,12,65535,25,65535,65535,65535,4294967295,4294967295,4294967295,0,0,CN,29.1334,119.65815,1392188400,1392190200, ,0xf69cac3604b897b8f1fbb860c293b57a,1,65535,255,218
2049,12618,0,1,0,10,12,65535,35,65535,65535,65535,4294967295,4294967295,4294967295,0,0,CN,29.1334,119.65815,1392188400,1392190200, ,0xf2d97035dc018e7eaaaa1df608dbdf8c,1,65535,255,218
2050,12619,1,1,0,10,12,65535,24,65535,65535,65535,4294967295,4294967295,4294967295,0,0,CN,29.13719,119.65803,1392188400,1392190200, ,0xb7300d67f965d8648deef64640885958,1,65535,255,218
2050,12619,0,1,0,10,12,65535,28,65535,65535,65535,4294967295,4294967295,4294967295,0,0,CN,29.13719,119.65803,1392188400,1392190200, ,0x6bf99e8745d54b375e8c2764d19fffd4,1,65535,255,218
2049,12620,1,1,0,10,12,65535,30,65535,65535,65535,4294967295,4294967295,4294967295,0,0,CN,29.1442,119.65896,1392188400,1392190200, ,0x3988a6f5398eaf7c57e2d72162db42ed,1,65535,255,218
2049,12623,1,1,0,10,12,65535,55,65535,65535,65535,4294967295,4294967295,4294967295,0,0,CN,29.12307,119.66398,1392188400,1392190200, ,0x4a6091f278f4aceaed23dac39ca948bf,1,65535,255,218
2049,12624,1,1,0,10,12,65535,54,65535,65535,65535,4294967295,4294967295,4294967295,0,0,CN,29.12817,119.66526,1392188400,1392190200, ,0x29e25464bfff889c1f920acd0f056c24,1,65535,255,218
2049,12624,0,1,0,10,12,65535,46,65535,65535,65535,4294967295,4294967295,4294967295,0,0,CN,29.12817,119.66526,1392188400,1392190200, ,0x5133bab5f8560b08ac962e1bf22a9cfb,1,65535,255,218
2049,12625,1,1,0,10,12,65535,52,65535,65535,65535,4294967295,4294967295,4294967295,0,0,CN,29.13418,119.6652,1392188400,1392190200, ,0x4a75c524927e44df9ff7ca3920c5eeb4,1,65535,255,218
2050,12625,0,1,0,10,12,65535,32,65535,65535,65535,4294967295,4294967295,4294967295,0,0,CN,29.13418,119.6652,1392188400,1392190200, ,0x5637d4d3d314214c1f33effd97913a10,1,65535,255,218
2049,12628,1,1,0,10,12,65535,54,65535,65535,65535,4294967295,4294967295,4294967295,0,0,CN,29.13193,119.67296,1392188400,1392190200, ,0x400a7e5b09fe79bdffd475a48b09bf8d,1,65535,255,218
2050,12631,1,1,0,10,12,65535,32,65535,65535,65535,4294967295,4294967295,4294967295,0,0,CN,29.1087,119.63156,1392188400,1392190200, ,0x0a99b93e4701d133cf51951074ca2446,1,65535,255,218
2049,12631,0,1,0,10,12,65535,33,65535,65535,65535,4294967295,4294967295,4294967295,0,0,CN,29.1087,119.63156,1392188400,1392190200, ,0x1966b7db71f4e1ec6c6d2209e0016571,1,65535,255,218
2050,12632,1,1,0,10,12,65535,34,65535,65535,65535,4294967295,4294967295,4294967295,0,0,CN,29.10858,119.63385,1392188400,1392190200, ,0x4ce8f3b7654e699f1951dadf1299f591,1,65535,255,218
2050,12632,0,1,0,10,12,65535,35,65535,65535,65535,4294967295,4294967295,4294967295,0,0,CN,29.10858,119.63385,1392188400,1392190200, ,0xae098104b74b51bc8bafa00b2a38a8b6,1,65535,255,218
2050,12633,0,1,0,10,12,65535,36,65535,65535,65535,4294967295,4294967295,4294967295,0,0,CN,29.10897,119.63589,1392188400,1392190200, ,0xbf477848772c9937a96054b65083bd48,1,65535,255,218
2050,12635,1,1,0,10,12,65535,35,65535,65535,65535,4294967295,4294967295,4294967295,0,0,CN,29.11066,119.64352,1392188400,1392190200, ,0xca69539976b4d068985accc3ea903b02,1,65535,255,218
2050,12637,0,1,0,10,12,65535,36,65535,65535,65535,4294967295,4294967295,4294967295,0,0,CN,29.10343,119.62822,1392188400,1392190200, ,0x6808c5e251581f7c243e64d11db9b97f,1,65535,255,218
2050,12639,1,1,0,10,12,65535,38,65535,65535,65535,4294967295,4294967295,4294967295,0,0,CN,29.10547,119.63694,1392188400,1392190200, ,0xbf1414f1950a682f05e8f0e1f755626a,1,65535,255,218
2050,12640,1,1,0,10,12,65535,30,65535,65535,65535,4294967295,4294967295,4294967295,0,0,CN,29.10583,119.64312,1392188400,1392190200, ,0xa82b3fd4cb2575109932b832c7f24bde,1,65535,255,218
2050,12640,0,1,0,10,12,65535,30,65535,65535,65535,4294967295,4294967295,4294967295,0,0,CN,29.10583,119.64312,1392188400,1392190200, ,0xfc8b8d06d5ed93b4c133653531c82512,1,65535,255,218
2050,12644,1,1,0,10,12,65535,30,65535,65535,65535,4294967295,4294967295,4294967295,0,0,CN,29.10858,119.63385,1392188400,1392190200, ,0xcba1582c743b8f3ca9632b4648780e0d,1,65535,255,218
2049,12644,0,1,0,10,12,65535,48,65535,65535,65535,4294967295,4294967295,4294967295,0,0,CN,29.10858,119.63385,1392188400,1392190200, ,0x557379636644de64941ca778d222b0f3,1,65535,255,218
2050,12646,0,1,0,10,12,65535,30,65535,65535,65535,4294967295,4294967295,4294967295,0,0,CN,29.10944,119.63807,1392188400,1392190200, ,0x64fede020d359d45a6d2461472cde40a,1,65535,255,218
2050,12649,1,1,0,10,12,65535,22,65535,65535,65535,4294967295,4294967295,4294967295,0,0,CN,29.10389,119.64583,1392188400,1392190200, ,0x0ae659392e00e6405e7ddf754c41a65e,1,65535,255,218
2050,12653,0,1,0,10,12,65535,34,65535,65535,65535,4294967295,4294967295,4294967295,0,0,CN,29.11763,119.64308,1392188400,1392190200, ,0x459678ea87f61dfb3630dc446c656d33,1,65535,255,218
2050,12655,1,1,0,10,12,65535,35,65535,65535,65535,4294967295,4294967295,4294967295,0,0,CN,29.09305,119.63311,1392188400,1392190200, ,0x3fbb82eabddecc127b51d38a7d47fb20,1,65535,255,218
2049,12657,0,1,0,10,12,65535,45,65535,65535,65535,4294967295,4294967295,4294967295,0,0,CN,29.10206,119.63873,1392188400,1392190200, ,0x4688918804e8a2467c1a9a8ed4ed9b3c,1,65535,255,218
2050,12658,1,1,0,10,12,65535,35,65535,65535,65535,4294967295,4294967295,4294967295,0,0,CN,29.10389,119.64583,1392188400,1392190200, ,0xc75044eeab4d76027cc897025cf1c31d,1,65535,255,218
2050,12661,1,1,0,10,12,65535,40,65535,65535,65535,4294967295,4294967295,4294967295,0,0,CN,29.10351,119.65118,1392188400,1392190200, ,0xc8a4a9cb743c88273536c85d76d453e6,1,65535,255,218
2050,12661,0,1,0,10,12,65535,29,65535,65535,65535,4294967295,4294967295,4294967295,0,0,CN,29.10351,119.65118,1392188400,1392190200, ,0xf5c771f16d0ddfbde9244c9d2e58378a,1,65535,255,218
2050,12662,1,1,0,10,12,65535,37,65535,65535,65535,4294967295,4294967295,4294967295,0,0,CN,29.10318,119.65315,1392188400,1392190200, ,0xbaaafd2dac1ecee03238cd871e8094f0,1,65535,255,218
2050,12664,0,1,0,10,12,65535,30,65535,65535,65535,4294967295,4294967295,4294967295,0,0,CN,29.10169,119.66031,1392188400,1392190200, ,0xdf8f952dd21a619b5ce1838b6185e2b6,1,65535,255,218
2049,12667,1,1,0,10,12,65535,46,65535,65535,65535,4294967295,4294967295,4294967295,0,0,CN,29.09305,119.63311,1392188400,1392190200, ,0xcd44d5f580547d4ab97c536d99eeb19f,1,65535,255,218
2049,12667,0,1,0,10,12,65535,46,65535,65535,65535,4294967295,4294967295,4294967295,0,0,CN,29.09305,119.63311,1392188400,1392190200, ,0x950b5a1cc24d16878d1fd5c870727a2e,1,65535,255,218
2050,12669,0,1,0,10,12,65535,48,65535,65535,65535,4294967295,4294967295,4294967295,0,0,CN,29.09843,119.65103,1392188400,1392190200, ,0x6f16d80cb50ded0e1d4c4785be4c6024,1,65535,255,218
2050,12670,1,1,0,10,12,65535,42,65535,65535,65535,4294967295,4294967295,4294967295,0,0,CN,29.09939,119.65788,1392188400,1392190200, ,0xa06ec38dbd06350de122061e6ecb4b73,1,65535,255,218
2050,12672,0,1,0,10,12,65535,31,65535,65535,65535,4294967295,4294967295,4294967295,0,0,CN,29.0986,119.64894,1392188400,1392190200, ,0xaa4b48bd95fbf97116ba0e0062fbf950,1,65535,255,218
2050,12673,1,1,0,10,12,65535,33,65535,65535,65535,4294967295,4294967295,4294967295,0,0,CN,29.1016,119.64922,1392188400,1392190200, ,0xed13f1ac718b45a0f274cf50a239c2dc,1,65535,255,218
2050,12673,0,1,0,10,12,65535,37,65535,65535,65535,4294967295,4294967295,4294967295,0,0,CN,29.1016,119.64922,1392188400,1392190200, ,0xa74e3738502fc7846407ce92ab6fa176,1,65535,255,218
2050,12677,1,1,0,10,12,65535,23,65535,65535,65535,4294967295,4294967295,4294967295,0,0,CN,29.09973,119.65453,1392188400,1392190200, ,0x620df11f9eadca317b53ba27807f0086,1,65535,255,218
2049,12678,1,1,0,10,12,65535,36,65535,65535,65535,4294967295,4294967295,4294967295,0,0,CN,29.09939,119.65788,1392188400,1392190200, ,0x3a795c2693ba301710000fe79e77daf4,1,65535,255,218
2050,12688,0,1,0,10,12,65535,35,65535,65535,65535,4294967295,4294967295,4294967295,0,0,CN,29.11174,119.65308,1392188400,1392190200, ,0x16222e5091e5c72f0bebebd56c9b538a,1,65535,255,218
2050,12691,1,1,0,10,12,65535,28,65535,65535,65535,4294967295,4294967295,4294967295,0,0,CN,29.11173,119.65414,1392188400,1392190200, ,0x807f709c2ac4da067259d15e39afedfb,1,65535,255,218
2050,12693,0,1,0,10,12,65535,35,65535,65535,65535,4294967295,4294967295,4294967295,0,0,CN,29.10924,119.66997,1392188400,1392190200, ,0xba0f21cbaa1857b941ae5dfbcf119988,1,65535,255,218
2050,12695,1,1,0,10,12,65535,39,65535,65535,65535,4294967295,4294967295,4294967295,0,0,CN,29.11058,119.65427,1392188400,1392190200, ,0x995964c3ba0a781a0acf981b85c3efd6,1,65535,255,218
2050,12698,1,1,0,10,12,65535,38,65535,65535,65535,4294967295,4294967295,4294967295,0,0,CN,29.11101,119.65888,1392188400,1392190200, ,0x82e029599114eab51a2712d294862fc8,1,65535,255,218
2049,12698,0,1,0,10,12,65535,35,65535,65535,65535,4294967295,4294967295,4294967295,0,0,CN,29.11101,119.65888,1392188400,1392190200, ,0x49ca4ac273e0d0554bace2200854b974,1,65535,255,218
2050,12699,1,1,0,10,12,65535,30,65535,65535,65535,4294967295,4294967295,4294967295,0,0,CN,29.11013,119.66309,1392188400,1392190200, ,0xbba4f6c1e400df540b18de1be66d3826,1,65535,255,218
2050,12702,0,1,0,10,12,65535,30,65535,65535,65535,4294967295,4294967295,4294967295,0,0,CN,29.10932,119.65213,1392188400,1392190200, ,0x3c8109c28dd643b259a75c79a552b61a,1,65535,255,218
2050,12703,1,1,0,10,12,65535,30,65535,65535,65535,4294967295,4294967295,4294967295,0,0,CN,29.10895,119.65679,1392188400,1392190200, ,0x76fb07470d14b167ee933af5b5dbd72a,1,65535,255,218
2050,12707,0,1,0,10,12,65535,42,65535,65535,65535,4294967295,4294967295,4294967295,0,0,CN,29.09939,119.65788,1392188400,1392190200, ,0xf6ac7f91755cf4f63fa9e30480ac3b3c,1,65535,255,218
2050,12709,1,1,0,10,12,65535,25,65535,65535,65535,4294967295,4294967295,4294967295,0,0,CN,29.1071,119.65713,1392188400,1392190200, ,0x297e2a6764e2698791c6606778f4b66a,1,65535,255,218
2050,12711,1,1,0,10,12,65535,35,65535,65535,65535,4294967295,4294967295,4294967295,0,0,CN,29.08868,119.64527,1392188400,1392190200, ,0xb9b9afe0259f0ff786229ab740dcbd30,1,65535,255,218
2050,12711,0,1,0,10,12,65535,33,65535,65535,65535,4294967295,4294967295,4294967295,0,0,CN,29.08868,119.64527,1392188400,1392190200, ,0x65cec1fee19e28a6b84c1a32c3b712fb,1,65535,255,218
2049,12713,1,1,0,10,12,65535,47,65535,65535,65535,4294967295,4294967295,4294967295,0,0,CN,29.08565,119.65728,1392188400,1392190200, ,0x5fcfd1b7452756a5ec74ae452054981b,1,65535,255,218
2049,12714,1,1,0,10,12,65535,35,65535,65535,65535,4294967295,4294967295,4294967295,0,0,CN,29.0993,119.66102,1392188400,1392190200, ,0x1dd68f11cfce428dae577aafe9e927a9,1,65535,255,218
2049,12714,0,1,0,10,12,65535,43,65535,65535,65535,4294967295,4294967295,4294967295,0,0,CN,29.0993,119.66102,1392188400,1392190200, ,0x0c305ec954f56354e7a1f1a8f27a3a2b,1,65535,255,218
2050,12715,0,1,0,10,12,65535,25,65535,65535,65535,4294967295,4294967295,4294967295,0,0,CN,29.10287,119.66066,1392188400,1392190200, ,0xb1ace5cd5ba26a211660e7c0f36b0b98,1,65535,255,218
2049,12719,1,1,0,10,12,65535,35,65535,65535,65535,4294967295,4294967295,4294967295,0,0,CN,29.10901,119.65959,1392188400,1392190200, ,0x6e06d1989b57762ba4c3ba0b75057409,1,65535,255,218
2049,12721,0,1,0,10,12,65535,48,65535,65535,65535,4294967295,4294967295,4294967295,0,0,CN,29.09973,119.65453,1392188400,1392190200, ,0x6b6de4a9e45f89b79b047c96fe06704b,1,65535,255,218
2050,12726,1,1,0,10,12,65535,37,65535,65535,65535,4294967295,4294967295,4294967295,0,0,CN,29.10264,119.66739,1392188400,1392190200, ,0x3a071a3325ad66e3a00da21cc2d98888,1,65535,255,218
2049,12728,0,1,0,10,12,65535,45,65535,65535,65535,4294967295,4294967295,4294967295,0,0,CN,29.09184,119.67189,1392188400,1392190200, ,0x0a4f86e770e40b15a2e5fb45d9ae5330,1,65535,255,218
2050,12729,1,1,0,10,12,65535,26,65535,65535,65535,4294967295,4294967295,4294967295,0,0,CN,29.0972,119.6708,1392188400,1392190200, ,0x0bc3251fb8eea7d4882de0b1493e9e23,1,65535,255,218
2050,12732,1,1,0,10,12,65535,28,65535,65535,65535,4294967295,4294967295,4294967295,0,0,CN,29.09963,119.67256,1392188400,1392190200, ,0x40245fd9c5fa9a692859b184948e1573,1,65535,255,218
2050,12733,1,1,0,10,12,65535,31,65535,65535,65535,4294967295,4294967295,4294967295,0,0,CN,29.09815,119.67625,1392188400,1392190200, ,0xc65b344438b2d2fdad70ac6ef836483e,1,65535,255,218
2050,12733,0,1,0,10,12,65535,39,65535,65535,65535,4294967295,4294967295,4294967295,0,0,CN,29.09815,119.67625,1392188400,1392190200, ,0x9dcd51fb37861b9cdea5a2cc8133dab2,1,65535,255,218
2050,12734,1,1,0,10,12,65535,37,65535,65535,65535,4294967295,4294967295,4294967295,0,0,CN,29.0935,119.68523,1392188400,1392190200, ,0x320d13fda190fe1494eb1933df2262de,1,65535,255,218
2051,12734,0,1,0,10,12,65535,21,65535,65535,65535,4294967295,4294967295,4294967295,0,0,CN,29.0935,119.68523,1392188400,1392190200, ,0xfa5b77597dc46f0301b5411966263602,1,65535,255,218
2050,12739,1,1,0,10,12,65535,30,65535,65535,65535,4294967295,4294967295,4294967295,0,0,CN,29.09108,119.69279,1392188400,1392190200, ,0x265a2ebbf726ffdd1123e890ce582624,1,65535,255,218
2050,12741,0,1,0,10,12,65535,28,65535,65535,65535,4294967295,4294967295,4294967295,0,0,CN,29.09108,119.69279,1392188400,1392190200, ,0x260e3486e5e1c3e2123d6677d8d24baf,1,65535,255,218
2050,12746,1,1,0,10,12,65535,37,65535,65535,65535,4294967295,4294967295,4294967295,0,0,CN,29.09325,119.70534,1392188400,1392190200, ,0x52b7338775a96eb91200255b80f51496,1,65535,255,218
2050,12746,0,1,0,10,12,65535,36,65535,65535,65535,4294967295,4294967295,4294967295,0,0,CN,29.09325,119.70534,1392188400,1392190200, ,0x94f0ae623f2169302893c3561c28b4df,1,65535,255,218
2050,12747,1,1,0,10,12,65535,38,65535,65535,65535,4294967295,4294967295,4294967295,0,0,CN,29.09746,119.70537,1392188400,1392190200, ,0x05375477270e3fcc03c16b5b2cefce26,1,65535,255,218
2050,12749,0,1,0,10,12,65535,34,65535,65535,65535,4294967295,4294967295,4294967295,0,0,CN,29.11393,119.70064,1392188400,1392190200, ,0xc22345c47c6e16022f753620f167a79a,1,65535,255,218
2050,12750,1,1,0,10,12,65535,35,65535,65535,65535,4294967295,4294967295,4294967295,0,0,CN,29.12057,119.70065,1392188400,1392190200, ,0xbf725d44cb00205f5540e6ea2b80cb09,1,65535,255,218
2049,12761,1,1,0,10,12,65535,30,65535,65535,65535,4294967295,4294967295,4294967295,0,0,CN,29.12057,119.70065,1392188400,1392190200, ,0xdb998afdd493c8fe83dc2819d2e8482f,1,65535,255,218
2050,12765,1,1,0,10,12,65535,38,65535,65535,65535,4294967295,4294967295,4294967295,0,0,CN,29.09332,119.71295,1392188400,1392190200, ,0xc1e66ee990c6a1f9076f4e998e2b1ecd,1,65535,255,218
2050,12767,1,1,0,10,12,65535,25,65535,65535,65535,4294967295,4294967295,4294967295,0,0,CN,29.10254,119.71164,1392188400,1392190200, ,0x59f41615e46ed4fd16a517f00d149a1c,1,65535,255,218
2049,12771,1,1,0,10,12,65535,45,65535,65535,65535,4294967295,4294967295,4294967295,0,0,CN,29.08469,119.57213,1392188400,1392190200, ,0x4677f97d31f2fb72f3f9810a28658db8,1,65535,255,218
2050,12777,0,1,0,10,12,65535,36,65535,65535,65535,4294967295,4294967295,4294967295,0,0,CN,29.07864,119.6246,1392188400,1392190200, ,0x8e04d1afb30f473d8eaad904c9cd0b61,1,65535,255,218
2050,12784,1,1,0,10,12,65535,30,65535,65535,65535,4294967295,4294967295,4294967295,0,0,CN,29.08445,119.64989,1392188400,1392190200, ,0x70906192fde04c78b69ee373a8f11542,1,65535,255,218
2050,12786,1,1,0,10,12,65535,38,65535,65535,65535,4294967295,4294967295,4294967295,0,0,CN,29.08608,119.65988,1392188400,1392190200, ,0xc88e2b0e3acb33431792fcf746e6508b,1,65535,255,218
2050,12787,1,1,0,10,12,65535,30,65535,65535,65535,4294967295,4294967295,4294967295,0,0,CN,29.0875,119.66572,1392188400,1392190200, ,0x0976669d2cb5a47b81f9a85a2e6462f8,1,65535,255,218
2050,12787,0,1,0,10,12,65535,29,65535,65535,65535,4294967295,4294967295,4294967295,0,0,CN,29.0875,119.66572,1392188400,1392190200, ,0x4d50430997be689e15b3b77db53928db,1,65535,255,218
2050,12794,1,1,0,10,12,65535,40,65535,65535,65535,4294967295,4294967295,4294967295,0,0,CN,29.08679,119.63635,1392188400,1392190200, ,0xb9c15a5f09a87170de435ce39d4b431d,1,65535,255,218
2049,12795,1,1,0,10,12,65535,50,65535,65535,65535,4294967295,4294967295,4294967295,0,0,CN,29.08741,119.64035,1392188400,1392190200, ,0x703ce45d4c0d97625fb80124d7a803eb,1,65535,255,218
2049,12795,0,1,0,10,12,65535,45,65535,65535,65535,4294967295,4294967295,4294967295,0,0,CN,29.08741,119.64035,1392188400,1392190200, ,0xe09ccd28c3714ea5e544ad5bf3347923,1,65535,255,218
2049,12800,0,1,0,10,12,65535,49,65535,65535,65535,4294967295,4294967295,4294967295,0,0,CN,29.06354,119.64759,1392188400,1392190200, ,0x35c8d68d5a1e094c96186c04602dbf2f,1,65535,255,218
2050,12802,1,1,0,10,12,65535,39,65535,65535,65535,4294967295,4294967295,4294967295,0,0,CN,29.07621,119.63852,1392188400,1392190200, ,0xb81298144a96456dfefabfa76cf87846,1,65535,255,218
2049,12802,0,1,0,10,12,65535,30,65535,65535,65535,4294967295,4294967295,4294967295,0,0,CN,29.07621,119.63852,1392188400,1392190200, ,0x23858bc747fbb0ce7b1743b3dc28c7e0,1,65535,255,218
2050,12803,1,1,0,10,12,65535,28,65535,65535,65535,4294967295,4294967295,4294967295,0,0,CN,29.07895,119.63795,1392188400,1392190200, ,0xd33cc9110ec2c38f047d62562ed8a51b,1,65535,255,218
2049,12803,0,1,0,10,12,65535,31,65535,65535,65535,4294967295,4294967295,4294967295,0,0,CN,29.07895,119.63795,1392188400,1392190200, ,0x2b3bea7140d750bcfbc68d0c2788ab45,1,65535,255,218
2050,12804,1,1,0,10,12,65535,24,65535,65535,65535,4294967295,4294967295,4294967295,0,0,CN,29.08236,119.63721,1392188400,1392190200, ,0x6ee5e11c46eb5ce6e3d12d0d73b41e86,1,65535,255,218
2050,12806,0,1,0,10,12,65535,40,65535,65535,65535,4294967295,4294967295,4294967295,0,0,CN,29.09305,119.63311,1392188400,1392190200, ,0x7a5ab3a158fca274fbf8869357812c57,1,65535,255,218
2051,12810,0,1,0,10,12,65535,25,65535,65535,65535,4294967295,4294967295,4294967295,0,0,CN,29.07482,119.64278,1392188400,1392190200, ,0x33a9ec0d3a029986fe24a44aaa61a5cd,1,65535,255,218
2050,12811,1,1,0,10,12,65535,43,65535,65535,65535,4294967295,4294967295,4294967295,0,0,CN,29.072,119.65141,1392188400,1392190200, ,0xd96f6c5698bfa2e02cd33530df15fdf6,1,65535,255,218
2050,12811,0,1,0,10,12,65535,43,65535,65535,65535,4294967295,4294967295,4294967295,0,0,CN,29.072,119.65141,1392188400,1392190200, ,0x41bd7a0f72e4ed2872099aa72a19c9cc,1,65535,255,218
2050,12813,1,1,0,10,12,65535,36,65535,65535,65535,4294967295,4294967295,4294967295,0,0,CN,29.07841,119.63472,1392188400,1392190200, ,0xf7e65aa6e3365f281b0e6350ce1747e1,1,65535,255,218
2050,12813,0,1,0,10,12,65535,42,65535,65535,65535,4294967295,4294967295,4294967295,0,0,CN,29.07841,119.63472,1392188400,1392190200, ,0xcb4ea9f5019c4387d9ff9947ca22428c,1,65535,255,218
2050,12814,1,1,0,10,12,65535,40,65535,65535,65535,4294967295,4294967295,4294967295,0,0,CN,29.0818,119.63339,1392188400,1392190200, ,0x96e6340c045df4958b88453bd5355725,1,65535,255,218
2050,12817,1,1,0,10,12,65535,42,65535,65535,65535,4294967295,4294967295,4294967295,0,0,CN,29.06701,119.64318,1392188400,1392190200, ,0xcae9051baec94cbff723e5e1c3528155,1,65535,255,218
2050,12817,0,1,0,10,12,65535,41,65535,65535,65535,4294967295,4294967295,4294967295,0,0,CN,29.06701,119.64318,1392188400,1392190200, ,0xb21b8c48f48cf210be7f2351df7eac2a,1,65535,255,218
2050,12818,0,1,0,10,12,65535,26,65535,65535,65535,4294967295,4294967295,4294967295,0,0,CN,29.07064,119.64286,1392188400,1392190200, ,0x0637a9b458c6d706bc68d6d675012887,1,65535,255,218
2050,12819,0,1,0,10,12,65535,25,65535,65535,65535,4294967295,4294967295,4294967295,0,0,CN,29.07482,119.64278,1392188400,1392190200, ,0x595b05131c9d329df7520de826318e68,1,65535,255,218
2050,12833,1,1,0,10,12,65535,40,65535,65535,65535,4294967295,4294967295,4294967295,0,0,CN,29.08853,119.65341,1392188400,1392190200, ,0xd7c6d4a2990218d93e4285a09f489593,1,65535,255,218
2050,12835,1,1,0,10,12,65535,25,65535,65535,65535,4294967295,4294967295,4294967295,0,0,CN,29.08382,119.64599,1392188400,1392190200, ,0x997096a42f3043eee58534993b0dc7c3,1,65535,255,218
2050,12836,1,1,0,10,12,65535,41,65535,65535,65535,4294967295,4294967295,4294967295,0,0,CN,29.08868,119.64527,1392188400,1392190200, ,0xef1d7b57747e9015b946bc3a205f7da0,1,65535,255,218
2050,12836,0,1,0,10,12,65535,37,65535,65535,65535,4294967295,4294967295,4294967295,0,0,CN,29.08868,119.64527,1392188400,1392190200, ,0x4e30893a92432af1df52751b7fda84bf,1,65535,255,218
2050,12838,1,1,0,10,12,65535,37,65535,65535,65535,4294967295,4294967295,4294967295,0,0,CN,29.08565,119.65728,1392188400,1392190200, ,0x4d64757ffacdab1c18872e65a1f27b9d,1,65535,255,218
2050,12840,1,1,0,10,12,65535,27,65535,65535,65535,4294967295,4294967295,4294967295,0,0,CN,29.09228,119.65597,1392188400,1392190200, ,0x285cc87d6ab234311cc9cee5b275b6f8,1,65535,255,218
2050,12844,0,1,0,10,12,65535,33,65535,65535,65535,4294967295,4294967295,4294967295,0,0,CN,29.09053,119.659,1392188400,1392190200, ,0xbcef2641b065e6283dbf2020453546f9,1,65535,255,218
2050,12846,1,1,0,10,12,65535,41,65535,65535,65535,4294967295,4294967295,4294967295,0,0,CN,29.05927,119.65242,1392188400,1392190200, ,0xdaa30458dd375da87dad6687cece6aec,1,65535,255,218
2050,12850,1,1,0,10,12,65535,26,65535,65535,65535,4294967295,4294967295,4294967295,0,0,CN,29.08098,119.65057,1392188400,1392190200, ,0xd756ee869b50359db94f598bef6a5bd6,1,65535,255,218
2050,12851,0,1,0,10,12,65535,27,65535,65535,65535,4294967295,4294967295,4294967295,0,0,CN,29.08445,119.64989,1392188400,1392190200, ,0x0ebe662869f5efc4452a95eff1eb4ad7,1,65535,255,218
2050,12853,0,1,0,10,12,65535,36,65535,65535,65535,4294967295,4294967295,4294967295,0,0,CN,29.05892,119.66385,1392188400,1392190200, ,0x320f70efbd0e0dffe43be3c5f0c7b6c6,1,65535,255,218
2049,12856,1,1,0,10,12,65535,48,65535,65535,65535,4294967295,4294967295,4294967295,0,0,CN,29.07544,119.66204,1392188400,1392190200, ,0x72586ecd322474ba43299b4316c159af,1,65535,255,218
2050,12858,1,1,0,10,12,65535,33,65535,65535,65535,4294967295,4294967295,4294967295,0,0,CN,29.08254,119.66062,1392188400,1392190200, ,0x849be8d8f60a287b8e6e317e496e5120,1,65535,255,218
2050,12859,1,1,0,10,12,65535,27,65535,65535,65535,4294967295,4294967295,4294967295,0,0,CN,29.08608,119.65988,1392188400,1392190200, ,0x0e9514afa1d4bed41df2cb9a0a6169d9,1,65535,255,218
2050,12859,0,1,0,10,12,65535,25,65535,65535,65535,4294967295,4294967295,4294967295,0,0,CN,29.08608,119.65988,1392188400,1392190200, ,0x935943d1fbac01f36336abe7d272811f,1,65535,255,218
2050,12860,0,1,0,10,12,65535,36,65535,65535,65535,4294967295,4294967295,4294967295,0,0,CN,29.09053,119.659,1392188400,1392190200, ,0xf0e645dda93f64ceeceea9b951bd98f7,1,65535,255,218
2050,12862,0,1,0,10,12,65535,37,65535,65535,65535,4294967295,4294967295,4294967295,0,0,CN,29.0739,119.65196,1392188400,1392190200, ,0x81f2522a39799d01853c80112cb01b69,1,65535,255,218
2050,12863,1,1,0,10,12,65535,25,65535,65535,65535,4294967295,4294967295,4294967295,0,0,CN,29.07442,119.65634,1392188400,1392190200, ,0x08f6ca028348d7f4b1b6d1537464f7d8,1,65535,255,218
2050,12865,1,1,0,10,12,65535,24,65535,65535,65535,4294967295,4294967295,4294967295,0,0,CN,29.07613,119.66699,1392188400,1392190200, ,0x830f7f93a887ad7147bd2976ec2bf1de,1,65535,255,218
2050,12867,0,1,0,10,12,65535,25,65535,65535,65535,4294967295,4294967295,4294967295,0,0,CN,29.06384,119.65205,1392188400,1392190200, ,0x81291aaff80624aa4b5392616d62c7a1,1,65535,255,218
2050,12870,0,1,0,10,12,65535,28,65535,65535,65535,4294967295,4294967295,4294967295,0,0,CN,29.06488,119.6683,1392188400,1392190200, ,0x8dc07055f0f3a443ade75997f756ca1c,1,65535,255,218
2049,12874,1,1,0,10,12,65535,30,65535,65535,65535,4294967295,4294967295,4294967295,0,0,CN,29.06488,119.6683,1392188400,1392190200, ,0x71f8ae8ed544021d061d8da516bf50c1,1,65535,255,218
2049,12874,0,1,0,10,12,65535,35,65535,65535,65535,4294967295,4294967295,4294967295,0,0,CN,29.06488,119.6683,1392188400,1392190200, ,0x54ae2992d835878ea3dfb1290eabfe9e,1,65535,255,218
2050,12875,1,1,0,10,12,65535,25,65535,65535,65535,4294967295,4294967295,4294967295,0,0,CN,29.07241,119.66773,1392188400,1392190200, ,0xc3b7961d110ddcbdbc67f26405565615,1,65535,255,218
2049,12875,0,1,0,10,12,65535,34,65535,65535,65535,4294967295,4294967295,4294967295,0,0,CN,29.07241,119.66773,1392188400,1392190200, ,0xf0e61233ec3960097a9c5389cd371bf9,1,65535,255,218
2049,12877,1,1,0,10,12,65535,23,65535,65535,65535,4294967295,4294967295,4294967295,0,0,CN,29.07954,119.66627,1392188400,1392190200, ,0x9e8b51a32a61b3e2c9f1e73ec348f32c,1,65535,255,218
2049,12878,1,1,0,10,12,65535,18,65535,65535,65535,4294967295,4294967295,4294967295,0,0,CN,29.08329,119.66555,1392188400,1392190200, ,0x759978af7f542394e7a7222d973394f0,1,65535,255,218
2049,12878,0,1,0,10,12,65535,19,65535,65535,65535,4294967295,4294967295,4294967295,0,0,CN,29.08329,119.66555,1392188400,1392190200, ,0xca055f15c83e6e8a92caecd575a07b3e,1,65535,255,218
2050,12879,0,1,0,10,12,65535,30,65535,65535,65535,4294967295,4294967295,4294967295,0,0,CN,29.08654,119.66488,1392188400,1392190200, ,0xb86f346428388e407b9cff14784754f7,1,65535,255,218
2050,12883,1,1,0,10,12,65535,21,65535,65535,65535,4294967295,4294967295,4294967295,0,0,CN,29.06494,119.61253,1392188400,1392190200, ,0xbf24da3585aebf3674ed955a5fda9595,1,65535,255,218
2050,12885,0,1,0,10,12,65535,27,65535,65535,65535,4294967295,4294967295,4294967295,0,0,CN,29.03598,119.61265,1392188400,1392190200, ,0xb5d84618dc3d75c418583cc791c81cdd,1,65535,255,218
2050,12886,1,1,0,10,12,65535,27,65535,65535,65535,4294967295,4294967295,4294967295,0,0,CN,29.0558,119.61262,1392188400,1392190200, ,0xac5f8880309a607a2d2cf948c397a257,1,65535,255,218
2049,12886,0,1,0,10,12,65535,23,65535,65535,65535,4294967295,4294967295,4294967295,0,0,CN,29.0558,119.61262,1392188400,1392190200, ,0xce975fb978c570cd6d15bcdb37a71ed7,1,65535,255,218
2049,12889,0,1,0,10,12,65535,38,65535,65535,65535,4294967295,4294967295,4294967295,0,0,CN,29.07532,119.61117,1392188400,1392190200, ,0x8510d87dd426cf1397512a24837ad3a1,1,65535,255,218
2049,12890,1,1,0,10,12,65535,37,65535,65535,65535,4294967295,4294967295,4294967295,0,0,CN,29.08005,119.61041,1392188400,1392190200, ,0x58b57b248d8ca8b43d6a686f93f974fc,1,65535,255,218
2050,12890,0,1,0,10,12,65535,24,65535,65535,65535,4294967295,4294967295,4294967295,0,0,CN,29.08005,119.61041,1392188400,1392190200, ,0x5f0ecd895840ba3aa798e376ac183149,1,65535,255,218
2050,12892,0,1,0,10,12,65535,24,65535,65535,65535,4294967295,4294967295,4294967295,0,0,CN,29.0558,119.61262,1392188400,1392190200, ,0xabb6444523ea14e2c180c4c10e111d3c,1,65535,255,218
2050,12895,0,1,0,10,12,65535,17,65535,65535,65535,4294967295,4294967295,4294967295,0,0,CN,29.04555,119.61264,1392188400,1392190200, ,0xb626e464f61979d1d64f582e006ff61f,1,65535,255,218
2050,12896,1,1,0,10,12,65535,28,65535,65535,65535,4294967295,4294967295,4294967295,0,0,CN,29.05398,119.62225,1392188400,1392190200, ,0x524452d35c341ff9804a4694e2a6db10,1,65535,255,218
2050,12896,0,1,0,10,12,65535,37,65535,65535,65535,4294967295,4294967295,4294967295,0,0,CN,29.05398,119.62225,1392188400,1392190200, ,0xcfb409edb3860739e0f20bfe11c7a3ea,1,65535,255,218
2050,12898,1,1,0,10,12,65535,28,65535,65535,65535,4294967295,4294967295,4294967295,0,0,CN,29.05398,119.62225,1392188400,1392190200, ,0x2b696016359fdb5f69f6a8701f742f36,1,65535,255,218
2049,12898,0,1,0,10,12,65535,34,65535,65535,65535,4294967295,4294967295,4294967295,0,0,CN,29.05398,119.62225,1392188400,1392190200, ,0x4834e50594dd4d8bf3325dc79e21c77b,1,65535,255,218
2050,12899,1,1,0,10,12,65535,37,65535,65535,65535,4294967295,4294967295,4294967295,0,0,CN,29.05863,119.6222,1392188400,1392190200, ,0xd1f164bb6438b6627346691b3d4931ae,1,65535,255,218
2049,12899,0,1,0,10,12,65535,34,65535,65535,65535,4294967295,4294967295,4294967295,0,0,CN,29.05863,119.6222,1392188400,1392190200, ,0x5a18073d2d3028374ddabaa56d5bfe44,1,65535,255,218
2050,12903,1,1,0,10,12,65535,37,65535,65535,65535,4294967295,4294967295,4294967295,0,0,CN,29.05616,119.63204,1392188400,1392190200, ,0x5c83cb4cd1999aa7ffbf758e74ab08b2,1,65535,255,218
2049,12903,0,1,0,10,12,65535,30,65535,65535,65535,4294967295,4294967295,4294967295,0,0,CN,29.05616,119.63204,1392188400,1392190200, ,0xd946f547171ea4274a7128fafb9d368c,1,65535,255,218
2049,12904,0,1,0,10,12,65535,29,65535,65535,65535,4294967295,4294967295,4294967295,0,0,CN,29.07025,119.63072,1392188400,1392190200, ,0xa52b5814fb2f3db07431c4c94d95d57b,1,65535,255,218
2050,12908,0,1,0,10,12,65535,29,65535,65535,65535,4294967295,4294967295,4294967295,0,0,CN,29.05863,119.6222,1392188400,1392190200, ,0x550c7dc3a0b1fe3765338b43f8d82818,1,65535,255,218
2049,12911,1,1,0,10,12,65535,79,65535,65535,65535,4294967295,4294967295,4294967295,0,0,CN,29.06072,119.62956,1392188400,1392190200, ,0x6eb993c7ec9c3110e0cd06362f990b9e,1,65535,255,218
2050,12911,0,1,0,10,12,65535,64,65535,65535,65535,4294967295,4294967295,4294967295,0,0,CN,29.06072,119.62956,1392188400,1392190200, ,0x431d1aa1105e21bb78458f13daf93ee2,1,65535,255,218
2049,12913,1,1,0,10,12,65535,52,65535,65535,65535,4294967295,4294967295,4294967295,0,0,CN,29.07023,119.62393,1392188400,1392190200, ,0xd3a110ac21f6a4892265b871ebdceb20,1,65535,255,218
2050,12913,0,1,0,10,12,65535,30,65535,65535,65535,4294967295,4294967295,4294967295,0,0,CN,29.07023,119.62393,1392188400,1392190200, ,0xd9642337456886b087eea111ba0c84d2,1,65535,255,218
2050,12914,1,1,0,10,12,65535,30,65535,65535,65535,4294967295,4294967295,4294967295,0,0,CN,29.07398,119.6221,1392188400,1392190200, ,0xa848a3eef2165a7d52fd9c6870d1cc09,1,65535,255,218
2050,12917,1,1,0,10,12,65535,38,65535,65535,65535,4294967295,4294967295,4294967295,0,0,CN,29.11101,119.65888,1392188400,1392190200, ,0xdc873682b07d4c8a58d2fcfb20bcd13a,1,65535,255,218
2050,12917,0,1,0,10,12,65535,38,65535,65535,65535,4294967295,4294967295,4294967295,0,0,CN,29.11101,119.65888,1392188400,1392190200, ,0x148bc71dee9ea3ec950e86a21c0d6a0b,1,65535,255,218
2050,12920,1,1,0,10,12,65535,32,65535,65535,65535,4294967295,4294967295,4294967295,0,0,CN,29.15493,119.71514,1392188400,1392190200, ,0x032aae5cacd993342b949989d9adf3ba,1,65535,255,218
2050,12925,1,1,0,10,12,65535,34,65535,65535,65535,4294967295,4294967295,4294967295,0,0,CN,29.10932,119.65213,1392188400,1392190200, ,0xd800faf858810b48c7663f25f6b268e9,1,65535,255,218
2050,12925,0,1,0,10,12,65535,28,65535,65535,65535,4294967295,4294967295,4294967295,0,0,CN,29.10932,119.65213,1392188400,1392190200, ,0xda946415d768d327c35f3a7753f2e307,1,65535,255,218
2050,12927,1,1,0,10,12,65535,35,65535,65535,65535,4294967295,4294967295,4294967295,0,0,CN,29.07064,119.64286,1392188400,1392190200, ,0xa710acb63ceeee3e75224475bf41ce47,1,65535,255,218
2051,12927,0,1,0,10,12,65535,16,65535,65535,65535,4294967295,4294967295,4294967295,0,0,CN,29.07064,119.64286,1392188400,1392190200, ,0x112b2977d8770a8a23a978068846337c,1,65535,255,218
2050,12931,1,1,0,10,12,65535,29,65535,65535,65535,4294967295,4294967295,4294967295,0,0,CN,29.0972,119.6708,1392188400,1392190200, ,0x2de6429f99f6325f1197ce417514f45a,1,65535,255,218
2050,12931,0,1,0,10,12,65535,24,65535,65535,65535,4294967295,4294967295,4294967295,0,0,CN,29.0972,119.6708,1392188400,1392190200, ,0xa18d1a1e6a2a9b54decfdd3bc6b99bbc,1,65535,255,218
2050,12932,1,1,0,10,12,65535,27,65535,65535,65535,4294967295,4294967295,4294967295,0,0,CN,29.09963,119.67256,1392188400,1392190200, ,0x9d6ce8537f9fa38ef5f9ebee58049ce5,1,65535,255,218
2050,12934,0,1,0,10,12,65535,29,65535,65535,65535,4294967295,4294967295,4294967295,0,0,CN,29.11173,119.65414,1392188400,1392190200, ,0x645b9804fef22085910161e0c02b5aa7,1,65535,255,218
2050,12935,1,1,0,10,12,65535,27,65535,65535,65535,4294967295,4294967295,4294967295,0,0,CN,29.11066,119.65151,1392188400,1392190200, ,0xc66317c6234ba8edfc3f2265d25c6417,1,65535,255,218
2050,12935,0,1,0,10,12,65535,31,65535,65535,65535,4294967295,4294967295,4294967295,0,0,CN,29.11066,119.65151,1392188400,1392190200, ,0x4624f71cb8b43fa576ff9de4fd811224,1,65535,255,218
2051,12936,1,1,0,10,12,65535,20,65535,65535,65535,4294967295,4294967295,4294967295,0,0,CN,29.0739,119.65196,1392188400,1392190200, ,0x996e4bce5bd417ddb6b003f126485046,1,65535,255,218
2050,12938,0,1,0,10,12,65535,26,65535,65535,65535,4294967295,4294967295,4294967295,0,0,CN,29.11993,119.63985,1392188400,1392190200, ,0x97ba81f2744766deef939ba6b999dc72,1,65535,255,218
2051,12939,1,1,0,10,12,65535,11,65535,65535,65535,4294967295,4294967295,4294967295,0,0,CN,29.12135,119.63857,1392188400,1392190200, ,0xd2cea555bad712a969b93425aa629b2b,1,65535,255,218
2050,12939,0,1,0,10,12,65535,28,65535,65535,65535,4294967295,4294967295,4294967295,0,0,CN,29.12135,119.63857,1392188400,1392190200, ,0x14a0e99381763b0879d8ba20a5fb5710,1,65535,255,218
2050,12940,1,1,0,10,12,65535,30,65535,65535,65535,4294967295,4294967295,4294967295,0,0,CN,29.1087,119.63156,1392188400,1392190200, ,0x2431d8da5c1850f85a2dc3bc692e383a,1,65535,255,218
2049,12940,0,1,0,10,12,65535,46,65535,65535,65535,4294967295,4294967295,4294967295,0,0,CN,29.1087,119.63156,1392188400,1392190200, ,0x4b8d66d70f83177fb2aea5dfeab42433,1,65535,255,218
2050,12941,1,1,0,10,12,65535,27,65535,65535,65535,4294967295,4294967295,4294967295,0,0,CN,29.10343,119.62822,1392188400,1392190200, ,0x400ccb6f2f298cd95a416f6cc99d5dca,1,65535,255,218
2050,12943,0,1,0,10,12,65535,30,65535,65535,65535,4294967295,4294967295,4294967295,0,0,CN,29.11066,119.64352,1392188400,1392190200, ,0x38415184fb7ce054fb3ddd784b699c90,1,65535,255,218
2050,12944,1,1,0,10,12,65535,29,65535,65535,65535,4294967295,4294967295,4294967295,0,0,CN,29.10797,119.6508,1392188400,1392190200, ,0x24b16a6193e2b263b506994da2122b6f,1,65535,255,218
2050,12944,0,1,0,10,12,65535,30,65535,65535,65535,4294967295,4294967295,4294967295,0,0,CN,29.10797,119.6508,1392188400,1392190200, ,0x4f3ba4ff4a3b18c5e467822b1499d71c,1,65535,255,218
2050,12945,1,1,0,10,12,65535,23,65535,65535,65535,4294967295,4294967295,4294967295,0,0,CN,29.12804,119.63741,1392188400,1392190200, ,0xa0b071938267913f142aa792f48321b9,1,65535,255,218
2050,12945,0,1,0,10,12,65535,30,65535,65535,65535,4294967295,4294967295,4294967295,0,0,CN,29.12804,119.63741,1392188400,1392190200, ,0xdbe7e4907eeb483ac0e096d476b16b59,1,65535,255,218
2050,12946,1,1,0,10,12,65535,29,65535,65535,65535,4294967295,4294967295,4294967295,0,0,CN,29.05927,119.65242,1392188400,1392190200, ,0xb3bbfbde5906877bf15903817df99780,1,65535,255,218
2050,12951,1,1,0,10,12,65535,44,65535,65535,65535,4294967295,4294967295,4294967295,0,0,CN,29.07349,119.64675,1392188400,1392190200, ,0x7a07c6a6df069ff9f02ed51fab495052,1,65535,255,218
2050,12952,0,1,0,10,12,65535,38,65535,65535,65535,4294967295,4294967295,4294967295,0,0,CN,29.07349,119.64675,1392188400,1392190200, ,0xcb72d482c4a95bbc3ab3502d0133d0ea,1,65535,255,218
2050,12953,1,1,0,10,12,65535,52,65535,65535,65535,4294967295,4294967295,4294967295,0,0,CN,29.1016,119.64922,1392188400,1392190200, ,0x6236f3051dd0649545e7eb712ff8b115,1,65535,255,218
2050,12959,1,1,0,10,12,65535,25,65535,65535,65535,4294967295,4294967295,4294967295,0,0,CN,29.10887,119.65422,1392188400,1392190200, ,0xbbd174fdf4879044311f55daf51abdf1,1,65535,255,218
2050,12959,0,1,0,10,12,65535,25,65535,65535,65535,4294967295,4294967295,4294967295,0,0,CN,29.10887,119.65422,1392188400,1392190200, ,0xc12a645e6b2a5f998578db7d64450b42,1,65535,255,218
2049,12960,0,1,0,10,12,65535,51,65535,65535,65535,4294967295,4294967295,4294967295,0,0,CN,29.14171,119.69184,1392188400,1392190200, ,0xb4d64533c159b8614788b877a23d0b19,1,65535,255,218
2049,12961,0,1,0,10,12,65535,44,65535,65535,65535,4294967295,4294967295,4294967295,0,0,CN,29.12766,119.65572,1392188400,1392190200, ,0x8206ed39eaed7635870cd9dfccd4b150,1,65535,255,218
2050,12962,0,1,0,10,12,65535,43,65535,65535,65535,4294967295,4294967295,4294967295,0,0,CN,29.12802,119.67241,1392188400,1392190200, ,0x18646ced2e9dd1156fdabe2d31af3fc2,1,65535,255,218
2049,12963,1,1,0,10,12,65535,46,65535,65535,65535,4294967295,4294967295,4294967295,0,0,CN,29.10716,119.63357,1392188400,1392190200, ,0x04c245fe16242d1e410910dc08634628,1,65535,255,218
2050,12963,0,1,0,10,12,65535,29,65535,65535,65535,4294967295,4294967295,4294967295,0,0,CN,29.10716,119.63357,1392188400,1392190200, ,0x3cc1fb4b631a43591e36f2b44a832657,1,65535,255,218
2050,12964,1,1,0,10,12,65535,54,65535,65535,65535,4294967295,4294967295,4294967295,0,0,CN,29.10381,119.65788,1392188400,1392190200, ,0x8828ef5373dfbf9b9087b4e3f73c9e40,1,65535,255,218
2049,12964,0,1,0,10,12,65535,65,65535,65535,65535,4294967295,4294967295,4294967295,0,0,CN,29.10381,119.65788,1392188400,1392190200, ,0x2c6704fbf83a2c370de5d3aeee16154d,1,65535,255,218
2049,12967,1,1,0,10,12,65535,58,65535,65535,65535,4294967295,4294967295,4294967295,0,0,CN,29.08735,119.64536,1392188400,1392190200, ,0xe9b96187983d12f233d9d8d4bb97c9e8,1,65535,255,218
2050,12967,0,1,0,10,12,65535,50,65535,65535,65535,4294967295,4294967295,4294967295,0,0,CN,29.08735,119.64536,1392188400,1392190200, ,0x4c9104269e94ba4949bc9017125c6d54,1,65535,255,218
2050,12971,1,1,0,10,12,65535,31,65535,65535,65535,4294967295,4294967295,4294967295,0,0,CN,29.18621,119.74641,1392188400,1392190200, ,0xd6057c7813ae1adc8662136383c0b0fb,1,65535,255,218
2050,12973,1,1,0,10,12,65535,30,65535,65535,65535,4294967295,4294967295,4294967295,0,0,CN,29.06494,119.61696,1392188400,1392190200, ,0xe16149f4e5fb6b0ba4967c4320472fec,1,65535,255,218
2050,12973,0,1,0,10,12,65535,30,65535,65535,65535,4294967295,4294967295,4294967295,0,0,CN,29.06494,119.61696,1392188400,1392190200, ,0x9e7b3151786f60f79c220ca14726f95e,1,65535,255,218
2049,12974,1,1,0,10,12,65535,30,65535,65535,65535,4294967295,4294967295,4294967295,0,0,CN,29.06513,119.62164,1392188400,1392190200, ,0xa8a3448e21650afe80c98c40f1bb3457,1,65535,255,218
2050,12974,0,1,0,10,12,65535,35,65535,65535,65535,4294967295,4294967295,4294967295,0,0,CN,29.06513,119.62164,1392188400,1392190200, ,0xac9dda51a1ad2c8beb4ff7f885ed6d94,1,65535,255,218
2050,12982,0,1,0,10,12,65535,31,65535,65535,65535,4294967295,4294967295,4294967295,0,0,CN,29.03677,119.60513,1392188400,1392190200, ,0x32d70b347afe8de5ed7902c295c95a37,1,65535,255,218
2050,12983,1,1,0,10,12,65535,30,65535,65535,65535,4294967295,4294967295,4294967295,0,0,CN,29.03681,119.61258,1392188400,1392190200, ,0xb9e0b3ed0c08cfdf3dc727e737a0f90d,1,65535,255,218
2050,12985,1,1,0,10,12,65535,34,65535,65535,65535,4294967295,4294967295,4294967295,0,0,CN,29.03682,119.61271,1392188400,1392190200, ,0xca74165591f663fa14e46a82971d4cc0,1,65535,255,218
2050,12985,0,1,0,10,12,65535,38,65535,65535,65535,4294967295,4294967295,4294967295,0,0,CN,29.03682,119.61271,1392188400,1392190200, ,0xdebae019bc6fd5e29c252494dca48f04,1,65535,255,218
2049,12986,1,1,0,10,12,65535,32,65535,65535,65535,4294967295,4294967295,4294967295,0,0,CN,29.03709,119.62238,1392188400,1392190200, ,0x499ed4aa2159090d3094fa522a81b15b,1,65535,255,218
2050,12986,0,1,0,10,12,65535,36,65535,65535,65535,4294967295,4294967295,4294967295,0,0,CN,29.03709,119.62238,1392188400,1392190200, ,0x9ca836fc75868c0405c3f39c29f58d16,1,65535,255,218
2049,12987,1,1,0,10,12,65535,34,65535,65535,65535,4294967295,4294967295,4294967295,0,0,CN,29.03724,119.62905,1392188400,1392190200, ,0x3e1ba18d09e83236b74b30b2f8dd95fe,1,65535,255,218
2049,12987,0,1,0,10,12,65535,32,65535,65535,65535,4294967295,4294967295,4294967295,0,0,CN,29.03724,119.62905,1392188400,1392190200, ,0xd8d7dce60ff4307f3c46d1cc560d7b3f,1,65535,255,218
2050,12990,1,1,0,10,12,65535,31,65535,65535,65535,4294967295,4294967295,4294967295,0,0,CN,29.04126,119.62919,1392188400,1392190200, ,0x1f836cf51cf4532ed1dfe68e0a9f28ea,1,65535,255,218
2050,12990,0,1,0,10,12,65535,23,65535,65535,65535,4294967295,4294967295,4294967295,0,0,CN,29.04126,119.62919,1392188400,1392190200, ,0xa4e6c87076e25d5df6279d9bf673727d,1,65535,255,218
2049,12992,1,1,0,10,12,65535,48,65535,65535,65535,4294967295,4294967295,4294967295,0,0,CN,29.04126,119.62919,1392188400,1392190200, ,0x89cf5882aa0072d2898df6322fc42fc3,1,65535,255,218
2050,12992,0,1,0,10,12,65535,30,65535,65535,65535,4294967295,4294967295,4294967295,0,0,CN,29.04126,119.62919,1392188400,1392190200, ,0x4ba76c98266bc67cce28e1b18013aafa,1,65535,255,218
2049,12993,1,1,0,10,12,65535,24,65535,65535,65535,4294967295,4294967295,4294967295,0,0,CN,29.05542,119.62915,1392188400,1392190200, ,0xbde40862424498bb8ca6f6713f2bd69d,1,65535,255,218
2049,12993,0,1,0,10,12,65535,37,65535,65535,65535,4294967295,4294967295,4294967295,0,0,CN,29.05542,119.62915,1392188400,1392190200, ,0xa7835ab3764b49a7daceae0063b2fe80,1,65535,255,218
2050,12995,1,1,0,10,12,65535,35,65535,65535,65535,4294967295,4294967295,4294967295,0,0,CN,29.06494,119.61696,1392188400,1392190200, ,0x75f16e1b8c812644c5f204a5486de553,1,65535,255,218
2049,12995,0,1,0,10,12,65535,33,65535,65535,65535,4294967295,4294967295,4294967295,0,0,CN,29.06494,119.61696,1392188400,1392190200, ,0x458ca22145f7ffd1113aa165efe726a9,1,65535,255,218
2050,12996,0,1,0,10,12,65535,31,65535,65535,65535,4294967295,4294967295,4294967295,0,0,CN,29.07131,119.61561,1392188400,1392190200, ,0x02239e10ddc43326e7d692331be37eb4,1,65535,255,218
2050,12998,1,1,0,10,12,65535,26,65535,65535,65535,4294967295,4294967295,4294967295,0,0,CN,29.07131,119.61561,1392188400,1392190200, ,0x2f2c56e1c5a795bb4570a9486b930c6f,1,65535,255,218
2050,12998,0,1,0,10,12,65535,14,65535,65535,65535,4294967295,4294967295,4294967295,0,0,CN,29.07131,119.61561,1392188400,1392190200, ,0x964ac400c794f6bc4da35b3a6eeebb5e,1,65535,255,218
2050,12999,1,1,0,10,12,65535,38,65535,65535,65535,4294967295,4294967295,4294967295,0,0,CN,29.07546,119.61449,1392188400,1392190200, ,0x48e3a11d4732ed746e27d6f0a605acbb,1,65535,255,218
2050,12999,0,1,0,10,12,65535,32,65535,65535,65535,4294967295,4294967295,4294967295,0,0,CN,29.07546,119.61449,1392188400,1392190200, ,0x8c4dd21a8899bd88becba333988e3112,1,65535,255,218
2049,13002,1,1,0,10,12,65535,52,65535,65535,65535,4294967295,4294967295,4294967295,0,0,CN,29.07074,119.60746,1392188400,1392190200, ,0x17e952b118109a49b9001968c39c387a,1,65535,255,218
2050,13006,1,1,0,10,12,65535,38,65535,65535,65535,4294967295,4294967295,4294967295,0,0,CN,29.08001,119.6136,1392188400,1392190200, ,0xc7807131c8a44ca94fa4d6deda17c7da,1,65535,255,218
2050,13006,0,1,0,10,12,65535,31,65535,65535,65535,4294967295,4294967295,4294967295,0,0,CN,29.08001,119.6136,1392188400,1392190200, ,0x1d6df29af69842ad4f61680117527421,1,65535,255,218
2049,13007,1,1,0,10,12,65535,40,65535,65535,65535,4294967295,4294967295,4294967295,0,0,CN,29.08026,119.61948,1392188400,1392190200, ,0x9d8004b6b4cfc14accffae670341fe0b,1,65535,255,218
2049,13007,0,1,0,10,12,65535,40,65535,65535,65535,4294967295,4294967295,4294967295,0,0,CN,29.08026,119.61948,1392188400,1392190200, ,0x994d1b4aac5d9fd409bacae2e776f13f,1,65535,255,218
2049,13009,1,1,0,10,12,65535,35,65535,65535,65535,4294967295,4294967295,4294967295,0,0,CN,29.08392,119.61188,1392188400,1392190200, ,0xa2efc449073ce11e3ababf65454ba8ce,1,65535,255,218
2049,13009,0,1,0,10,12,65535,32,65535,65535,65535,4294967295,4294967295,4294967295,0,0,CN,29.08392,119.61188,1392188400,1392190200, ,0x70b29026d3dae8d24a38e343953a12dd,1,65535,255,218
2050,13010,1,1,0,10,12,65535,39,65535,65535,65535,4294967295,4294967295,4294967295,0,0,CN,29.09721,119.61463,1392188400,1392190200, ,0xb0ec5f19a457744fa7b38d7def182b8b,1,65535,255,218
2050,13010,0,1,0,10,12,65535,35,65535,65535,65535,4294967295,4294967295,4294967295,0,0,CN,29.09721,119.61463,1392188400,1392190200, ,0x5e530e2d3e6a67bf1a8e0cd48926e026,1,65535,255,218
2050,13011,1,1,0,10,12,65535,43,65535,65535,65535,4294967295,4294967295,4294967295,0,0,CN,29.10372,119.61804,1392188400,1392190200, ,0x4f11a8c8356e005ffa54092ba14b4705,1,65535,255,218
2050,13011,0,1,0,10,12,65535,41,65535,65535,65535,4294967295,4294967295,4294967295,0,0,CN,29.10372,119.61804,1392188400,1392190200, ,0xe095fda876173dbc2c4374f1786671c0,1,65535,255,218
2050,13012,1,1,0,10,12,65535,38,65535,65535,65535,4294967295,4294967295,4294967295,0,0,CN,29.08392,119.61188,1392188400,1392190200, ,0xd0f3971bd44ac313333870c33870d124,1,65535,255,218
2050,13012,0,1,0,10,12,65535,26,65535,65535,65535,4294967295,4294967295,4294967295,0,0,CN,29.08392,119.61188,1392188400,1392190200, ,0xe8381cc6a002a12d12c23a3b41f63205,1,65535,255,218
2050,13014,1,1,0,10,12,65535,32,65535,65535,65535,4294967295,4294967295,4294967295,0,0,CN,29.05927,119.57219,1392188400,1392190200, ,0xfd8e21e992f3105f4033215bf88d15a2,1,65535,255,218
2049,13015,1,1,0,10,12,65535,42,65535,65535,65535,4294967295,4294967295,4294967295,0,0,CN,29.05807,119.58052,1392188400,1392190200, ,0x3f2d3a8bd1662c98096da46227f786c9,1,65535,255,218
2050,13015,0,1,0,10,12,65535,26,65535,65535,65535,4294967295,4294967295,4294967295,0,0,CN,29.05807,119.58052,1392188400,1392190200, ,0xf3cbf00e6ecd7201b0443bbd21c88695,1,65535,255,218
2050,13016,1,1,0,10,12,65535,19,65535,65535,65535,4294967295,4294967295,4294967295,0,0,CN,29.07104,119.59031,1392188400,1392190200, ,0x4b4fd4aa0bf43cd1e446ac101d4d8279,1,65535,255,218
2051,13016,0,1,0,10,12,65535,12,65535,65535,65535,4294967295,4294967295,4294967295,0,0,CN,29.07104,119.59031,1392188400,1392190200, ,0x263899d5300823fd6f25031d89fa595f,1,65535,255,218
2049,13019,0,1,0,10,12,65535,48,65535,65535,65535,4294967295,4294967295,4294967295,0,0,CN,29.10709,119.59102,1392188400,1392190200, ,0xa3e946ae8caeaebe101c722b1dcd34a3,1,65535,255,218
2050,13020,1,1,0,10,12,65535,30,65535,65535,65535,4294967295,4294967295,4294967295,0,0,CN,29.09721,119.61463,1392188400,1392190200, ,0x5a6ecb3bca025357a4ed9b0209cf112a,1,65535,255,218
2049,13021,1,1,0,10,12,65535,30,65535,65535,65535,4294967295,4294967295,4294967295,0,0,CN,29.09588,119.61878,1392188400,1392190200, ,0x406b25f6f271474e4a7f986070d03143,1,65535,255,218
2050,13021,0,1,0,10,12,65535,30,65535,65535,65535,4294967295,4294967295,4294967295,0,0,CN,29.09588,119.61878,1392188400,1392190200, ,0xa473663d4a55f2fadb5decdd95c2b7bc,1,65535,255,218
2049,13023,1,1,0,10,12,65535,53,65535,65535,65535,4294967295,4294967295,4294967295,0,0,CN,29.06026,119.50879,1392188400,1392190200, ,0x0a4bd9568bb5ee8be7d8f6a52f2085ae,1,65535,255,218
2050,13023,0,1,0,10,12,65535,35,65535,65535,65535,4294967295,4294967295,4294967295,0,0,CN,29.06026,119.50879,1392188400,1392190200, ,0xd704ec22aa7f30ec857b4996061b5022,1,65535,255,218
2049,13024,1,1,0,10,12,65535,44,65535,65535,65535,4294967295,4294967295,4294967295,0,0,CN,29.07495,119.55522,1392188400,1392190200, ,0x99da6395c6c9dc83a20a795a22d3273d,1,65535,255,218
2050,13024,0,1,0,10,12,65535,38,65535,65535,65535,4294967295,4294967295,4294967295,0,0,CN,29.07495,119.55522,1392188400,1392190200, ,0xd04e96d71398fc76dd9c4507ae25c0c5,1,65535,255,218
2050,13025,1,1,0,10,12,65535,31,65535,65535,65535,4294967295,4294967295,4294967295,0,0,CN,29.07456,119.5617,1392188400,1392190200, ,0x6a7cef63cd50c2a6cb068920539909b8,1,65535,255,218
2050,13025,0,1,0,10,12,65535,23,65535,65535,65535,4294967295,4294967295,4294967295,0,0,CN,29.07456,119.5617,1392188400,1392190200, ,0xb825ac7e378b9249f91d4961c342f658,1,65535,255,218
2050,13026,1,1,0,10,12,65535,34,65535,65535,65535,4294967295,4294967295,4294967295,0,0,CN,29.07293,119.57566,1392188400,1392190200, ,0xfc32cab9b8d8e19030c3e3d1a42c51a2,1,65535,255,218
2050,13026,0,1,0,10,12,65535,39,65535,65535,65535,4294967295,4294967295,4294967295,0,0,CN,29.07293,119.57566,1392188400,1392190200, ,0x5079db1a420d80cd214b0a176ead2230,1,65535,255,218
2050,13028,1,1,0,10,12,65535,32,65535,65535,65535,4294967295,4294967295,4294967295,0,0,CN,29.12125,119.53174,1392188400,1392190200, ,0x4a05e5204d01a31a051ea87894fca919,1,65535,255,218
2049,13028,0,1,0,10,12,65535,29,65535,65535,65535,4294967295,4294967295,4294967295,0,0,CN,29.12125,119.53174,1392188400,1392190200, ,0x702a30ccb5225188264ed38f85abb51b,1,65535,255,218
2051,13029,1,1,0,10,12,65535,25,65535,65535,65535,4294967295,4294967295,4294967295,0,0,CN,29.12234,119.5377,1392188400,1392190200, ,0xfeb89a97b11e1232f36105254e84f271,1,65535,255,218
2050,13029,0,1,0,10,12,65535,32,65535,65535,65535,4294967295,4294967295,4294967295,0,0,CN,29.12234,119.5377,1392188400,1392190200, ,0xa3efad76b4fc656dc9bc4de016e154c2,1,65535,255,218
2050,13031,1,1,0,10,12,65535,43,65535,65535,65535,4294967295,4294967295,4294967295,0,0,CN,29.12234,119.5377,1392188400,1392190200, ,0x4c34ff6782f43a4bc09a4e8565ebfc80,1,65535,255,218
2050,13031,0,1,0,10,12,65535,32,65535,65535,65535,4294967295,4294967295,4294967295,0,0,CN,29.12234,119.5377,1392188400,1392190200, ,0xddf4d9d81d4520f62dcc262f9129aa25,1,65535,255,218
2049,13032,1,1,0,10,12,65535,45,65535,65535,65535,4294967295,4294967295,4294967295,0,0,CN,29.1145,119.54012,1392188400,1392190200, ,0xc9bc6fb94ceaae4362139c839866e5fe,1,65535,255,218
2050,13032,0,1,0,10,12,65535,29,65535,65535,65535,4294967295,4294967295,4294967295,0,0,CN,29.1145,119.54012,1392188400,1392190200, ,0x12e9e8342a03fcf2a27fd9a4a0e3c79f,1,65535,255,218
2050,13033,1,1,0,10,12,65535,30,65535,65535,65535,4294967295,4294967295,4294967295,0,0,CN,29.10758,119.54219,1392188400,1392190200, ,0xce6379a54c613612b5c471009e4b20de,1,65535,255,218
2050,13034,1,1,0,10,12,65535,31,65535,65535,65535,4294967295,4294967295,4294967295,0,0,CN,29.09982,119.54797,1392188400,1392190200, ,0xb2508e576ed3263ccfc07fe2610a4d7e,1,65535,255,218
2049,13034,0,1,0,10,12,65535,34,65535,65535,65535,4294967295,4294967295,4294967295,0,0,CN,29.09982,119.54797,1392188400,1392190200, ,0xbd7e99dc49d62977b395237b4080faeb,1,65535,255,218
2050,13037,1,1,0,10,12,65535,33,65535,65535,65535,4294967295,4294967295,4294967295,0,0,CN,29.09676,119.55744,1392188400,1392190200, ,0x60313f6051a66b77075f24ff8e671e87,1,65535,255,218
2050,13038,1,1,0,10,12,65535,31,65535,65535,65535,4294967295,4294967295,4294967295,0,0,CN,29.09293,119.56819,1392188400,1392190200, ,0x7a54ad00c77112c43553a35533b26758,1,65535,255,218
2050,13038,0,1,0,10,12,65535,33,65535,65535,65535,4294967295,4294967295,4294967295,0,0,CN,29.09293,119.56819,1392188400,1392190200, ,0xdd9a5d793edc21ef85e872f5a85d9996,1,65535,255,218
2049,13039,1,1,0,10,12,65535,35,65535,65535,65535,4294967295,4294967295,4294967295,0,0,CN,29.09064,119.5742,1392188400,1392190200, ,0xd158af7482c3568027b647fcbcb73e8a,1,65535,255,218
2050,13040,1,1,0,10,12,65535,22,65535,65535,65535,4294967295,4294967295,4294967295,0,0,CN,29.08914,119.57863,1392188400,1392190200, ,0x8058f4ea0826960ded7a419b20401c94,1,65535,255,218
2049,13040,0,1,0,10,12,65535,30,65535,65535,65535,4294967295,4294967295,4294967295,0,0,CN,29.08914,119.57863,1392188400,1392190200, ,0xd1662d0444abe07283ad1a4daff0edcd,1,65535,255,218
2050,13042,1,1,0,10,12,65535,24,65535,65535,65535,4294967295,4294967295,4294967295,0,0,CN,29.10553,119.53551,1392188400,1392190200, ,0xc5053614023698c4e1b67080bc4440fd,1,65535,255,218
2050,13042,0,1,0,10,12,65535,39,65535,65535,65535,4294967295,4294967295,4294967295,0,0,CN,29.10553,119.53551,1392188400,1392190200, ,0x1dfe5e1c9b3e67ce30e5b29af876fd45,1,65535,255,218
2049,13043,1,1,0,10,12,65535,50,65535,65535,65535,4294967295,4294967295,4294967295,0,0,CN,29.10758,119.54219,1392188400,1392190200, ,0xec7cfa89fb78204dce4a62b5b70a0e9b,1,65535,255,218
2050,13043,0,1,0,10,12,65535,25,65535,65535,65535,4294967295,4294967295,4294967295,0,0,CN,29.10758,119.54219,1392188400,1392190200, ,0x2ffb1edece86d8807475e786f37b3ce4,1,65535,255,218
2049,13044,1,1,0,10,12,65535,51,65535,65535,65535,4294967295,4294967295,4294967295,0,0,CN,29.11106,119.54875,1392188400,1392190200, ,0x407847f129d837a2b2005bdce9123a86,1,65535,255,218
2049,13046,1,1,0,10,12,65535,19,65535,65535,65535,4294967295,4294967295,4294967295,0,0,CN,29.1145,119.54012,1392188400,1392190200, ,0x74cef5e4ff0a7054cd8063e5347506aa,1,65535,255,218
2050,13046,0,1,0,10,12,65535,19,65535,65535,65535,4294967295,4294967295,4294967295,0,0,CN,29.1145,119.54012,1392188400,1392190200, ,0x50c7c88077f8ca4f56861bc097324758,1,65535,255,218
2050,13047,0,1,0,10,12,65535,37,65535,65535,65535,4294967295,4294967295,4294967295,0,0,CN,29.11106,119.54875,1392188400,1392190200, ,0x3bd4adbebf9cdee7a04fb9916a3d3e13,1,65535,255,218
2049,13057,1,1,0,10,12,65535,79,65535,65535,65535,4294967295,4294967295,4294967295,0,0,CN,29.07694,119.55485,1392188400,1392190200, ,0x5ffca72182a5f0a1912c4df7d62e6831,1,65535,255,218
2050,13057,0,1,0,10,12,65535,64,65535,65535,65535,4294967295,4294967295,4294967295,0,0,CN,29.07694,119.55485,1392188400,1392190200, ,0x163cf04c5c394390959f1de7b1aa6cb8,1,65535,255,218
2050,13063,1,1,0,10,12,65535,25,65535,65535,65535,4294967295,4294967295,4294967295,0,0,CN,29.07456,119.5617,1392188400,1392190200, ,0xbd12343754b845fc2832f28b4ff3d1a9,1,65535,255,218
2050,13066,1,1,0,10,12,65535,38,65535,65535,65535,4294967295,4294967295,4294967295,0,0,CN,29.09293,119.56819,1392188400,1392190200, ,0xb3ea3ba42a9ddc078b3524cfc9487102,1,65535,255,218
2049,13070,1,1,0,10,12,65535,53,65535,65535,65535,4294967295,4294967295,4294967295,0,0,CN,29.09064,119.5742,1392188400,1392190200, ,0x192c858cd7eb333990de46c6372c7dc6,1,65535,255,218
2049,13070,0,1,0,10,12,65535,35,65535,65535,65535,4294967295,4294967295,4294967295,0,0,CN,29.09064,119.5742,1392188400,1392190200, ,0xee92137638ab2861920f530eee6d642b,1,65535,255,218
2049,13072,1,1,0,10,12,65535,30,65535,65535,65535,4294967295,4294967295,4294967295,0,0,CN,29.10624,119.64256,1392188400,1392190200, ,0x5bb11234f3de1c90513e32b1ca725885,1,65535,255,218
2050,13074,1,1,0,10,12,65535,25,65535,65535,65535,4294967295,4294967295,4294967295,0,0,CN,29.10901,119.64401,1392188400,1392190200, ,0x173aa91de78218bc58702eaaca728304,1,65535,255,218
2050,13079,1,1,0,10,12,65535,25,65535,65535,65535,4294967295,4294967295,4294967295,0,0,CN,29.07413,119.57329,1392188400,1392190200, ,0xd75f36571c6cc250fc3596ae40194f80,1,65535,255,218
2050,13080,1,1,0,10,12,65535,31,65535,65535,65535,4294967295,4294967295,4294967295,0,0,CN,29.08366,119.57666,1392188400,1392190200, ,0x0f8809ad2d95e425792d5f20907977bc,1,65535,255,218
2050,13090,1,1,0,10,12,65535,42,65535,65535,65535,4294967295,4294967295,4294967295,0,0,CN,29.11253,119.64838,1392188400,1392190200, ,0xcf7f506348fc8e4e8ee64b9661046b84,1,65535,255,218
2049,13090,0,1,0,10,12,65535,47,65535,65535,65535,4294967295,4294967295,4294967295,0,0,CN,29.11253,119.64838,1392188400,1392190200, ,0x49b4417159753fca9ef739b30f1d71e1,1,65535,255,218
2050,13091,1,1,0,10,12,65535,39,65535,65535,65535,4294967295,4294967295,4294967295,0,0,CN,29.11066,119.65151,1392188400,1392190200, ,0xe79a7a0f02f36a148da0c74aad78e220,1,65535,255,218
2050,13091,0,1,0,10,12,65535,25,65535,65535,65535,4294967295,4294967295,4294967295,0,0,CN,29.11066,119.65151,1392188400,1392190200, ,0x1a6e6a2ee517b2f4bb8fa0525cf3f5a6,1,65535,255,218
2049,13096,1,1,0,10,12,65535,45,65535,65535,65535,4294967295,4294967295,4294967295,0,0,CN,29.11033,119.64646,1392188400,1392190200, ,0x5dda9d8887b135d7b5cec459e61be6a5,1,65535,255,218
2050,13096,0,1,0,10,12,65535,43,65535,65535,65535,4294967295,4294967295,4294967295,0,0,CN,29.11033,119.64646,1392188400,1392190200, ,0x6d205e8251aefe0451751824f57999bb,1,65535,255,218
2050,13097,1,1,0,10,12,65535,25,65535,65535,65535,4294967295,4294967295,4294967295,0,0,CN,29.10931,119.65105,1392188400,1392190200, ,0x9aacfdfb117f274f5d65c847ad020d71,1,65535,255,218
2050,13097,0,1,0,10,12,65535,25,65535,65535,65535,4294967295,4294967295,4294967295,0,0,CN,29.10931,119.65105,1392188400,1392190200, ,0xef9978e65096de9a991a5ad94db585c9,1,65535,255,218
2049,13100,0,1,0,10,12,65535,25,65535,65535,65535,4294967295,4294967295,4294967295,0,0,CN,29.13917,119.67292,1392188400,1392190200, ,0x52578070e2213e5c341521697051b036,1,65535,255,218
2049,13102,1,1,0,10,12,65535,23,65535,65535,65535,4294967295,4294967295,4294967295,0,0,CN,29.13298,119.63209,1392188400,1392190200, ,0x8f66e35f60e695b90a14f90ff021b954,1,65535,255,218
2050,13106,0,1,0,10,12,65535,28,65535,65535,65535,4294967295,4294967295,4294967295,0,0,CN,29.1473,119.6226,1392188400,1392190200, ,0xcf7ab5f288cf5bb2d303c0d4b15e4a06,1,65535,255,218
2050,13110,0,1,0,10,12,65535,25,65535,65535,65535,4294967295,4294967295,4294967295,0,0,CN,29.1579,119.64358,1392188400,1392190200, ,0x0ea88f60b394aac0e0537d0aadc5e2dc,1,65535,255,218
2050,13118,1,1,0,10,12,65535,37,65535,65535,65535,4294967295,4294967295,4294967295,0,0,CN,29.10527,119.68345,1392188400,1392190200, ,0x9954270842ef7705a85775d1dda89bc0,1,65535,255,218
2050,13118,0,1,0,10,12,65535,39,65535,65535,65535,4294967295,4294967295,4294967295,0,0,CN,29.10527,119.68345,1392188400,1392190200, ,0xec02dc238aec806d41f61468ab638b77,1,65535,255,218
2050,13119,1,1,0,10,12,65535,37,65535,65535,65535,4294967295,4294967295,4294967295,0,0,CN,29.10428,119.68878,1392188400,1392190200, ,0xd39ce9e773c68661c4a2132b7b5605fb,1,65535,255,218
2050,13124,0,1,0,10,12,65535,42,65535,65535,65535,4294967295,4294967295,4294967295,0,0,CN,29.09698,119.694,1392188400,1392190200, ,0x5c041d0fd435be21ecfb166749e74b09,1,65535,255,218
2050,13125,0,1,0,10,12,65535,41,65535,65535,65535,4294967295,4294967295,4294967295,0,0,CN,29.10157,119.69407,1392188400,1392190200, ,0x032bd21a5e5daceb23f0b99b2e7beca1,1,65535,255,218
2050,13127,1,1,0,10,12,65535,42,65535,65535,65535,4294967295,4294967295,4294967295,0,0,CN,29.09316,119.6995,1392188400,1392190200, ,0x33bfd8f2f62cee42da68ce195e6c2df6,1,65535,255,218
2049,13131,1,1,0,10,12,65535,46,65535,65535,65535,4294967295,4294967295,4294967295,0,0,CN,29.10091,119.70536,1392188400,1392190200, ,0x8ad1615f28bc1f96020495973309ea2b,1,65535,255,218
2051,13135,0,1,0,10,12,65535,30,65535,65535,65535,4294967295,4294967295,4294967295,0,0,CN,29.10254,119.71744,1392188400,1392190200, ,0x231e1048f06089d5cb314acb1ca0ea74,1,65535,255,218
2049,13141,0,1,0,10,12,65535,41,65535,65535,65535,4294967295,4294967295,4294967295,0,0,CN,29.08649,119.66308,1392188400,1392190200, ,0xcfdd8be68e5d6ca05a7dc412b0a2497d,1,65535,255,218
2050,13142,1,1,0,10,12,65535,25,65535,65535,65535,4294967295,4294967295,4294967295,0,0,CN,29.09698,119.694,1392188400,1392190200, ,0xbb4da659cd881db6ff553c83611aec86,1,65535,255,218
2049,13142,0,1,0,10,12,65535,43,65535,65535,65535,4294967295,4294967295,4294967295,0,0,CN,29.09698,119.694,1392188400,1392190200, ,0xb1b9f073495b842256bee1ac278b41b8,1,65535,255,218
2049,13143,1,1,0,10,12,65535,37,65535,65535,65535,4294967295,4294967295,4294967295,0,0,CN,29.09253,119.69579,1392188400,1392190200, ,0xa77526b25fecaaa8089edf6417f49e6b,1,65535,255,218
2049,13144,1,1,0,10,12,65535,47,65535,65535,65535,4294967295,4294967295,4294967295,0,0,CN,29.07535,119.60674,1392188400,1392190200, ,0x7711c7eb26214b7802c59111fe55705a,1,65535,255,218
2049,13144,0,1,0,10,12,65535,34,65535,65535,65535,4294967295,4294967295,4294967295,0,0,CN,29.07535,119.60674,1392188400,1392190200, ,0x751915752cf2bc56b867eb496bd3e0d5,1,65535,255,218
2050,13145,1,1,0,10,12,65535,22,65535,65535,65535,4294967295,4294967295,4294967295,0,0,CN,29.07546,119.61449,1392188400,1392190200, ,0xb4ea931cf1c6e89c05bc698685191f0b,1,65535,255,218
2050,13145,0,1,0,10,12,65535,26,65535,65535,65535,4294967295,4294967295,4294967295,0,0,CN,29.07546,119.61449,1392188400,1392190200, ,0xf16ba421f774487316fef84d07de6dca,1,65535,255,218
2049,13147,0,1,0,10,12,65535,30,65535,65535,65535,4294967295,4294967295,4294967295,0,0,CN,29.12201,119.77276,1392188400,1392190200, ,0xc04bc9509f225ad03f7ff854020022e6,1,65535,255,218
2050,13149,1,1,0,10,12,65535,40,65535,65535,65535,4294967295,4294967295,4294967295,0,0,CN,29.08598,119.56573,1392188400,1392190200, ,0xdd1c718906852cf98e6dc9ecaf89af69,1,65535,255,218
2049,13149,0,1,0,10,12,65535,50,65535,65535,65535,4294967295,4294967295,4294967295,0,0,CN,29.08598,119.56573,1392188400,1392190200, ,0x5f6fdc747ecaf89fd96854eda67d65a0,1,65535,255,218
2050,13155,0,1,0,10,12,65535,41,65535,65535,65535,4294967295,4294967295,4294967295,0,0,CN,29.07815,119.56984,1392188400,1392190200, ,0x1f56773533d0d45839e582c1c381bf74,1,65535,255,218
2050,13157,1,1,0,10,12,65535,38,65535,65535,65535,4294967295,4294967295,4294967295,0,0,CN,29.09588,119.61878,1392188400,1392190200, ,0x1bd0fd9c01437d8bdda25bd830c33c9a,1,65535,255,218
2049,13160,0,1,0,10,12,65535,17,65535,65535,65535,4294967295,4294967295,4294967295,0,0,CN,29.11202,119.63245,1392188400,1392190200, ,0x7823187ed0f3f633ae6019ea49793a9f,1,65535,255,218
2049,13163,1,1,0,10,12,65535,30,65535,65535,65535,4294967295,4294967295,4294967295,0,0,CN,29.04611,119.58303,1392188400,1392190200, ,0x7aac3a4f465909dcd82ba7038938ec0c,1,65535,255,218
2050,13163,0,1,0,10,12,65535,27,65535,65535,65535,4294967295,4294967295,4294967295,0,0,CN,29.04611,119.58303,1392188400,1392190200, ,0x49b620edf685457f54bee9e810b8518f,1,65535,255,218
2050,13164,1,1,0,10,12,65535,25,65535,65535,65535,4294967295,4294967295,4294967295,0,0,CN,29.06613,119.72488,1392188400,1392190200, ,0x4ce517465b40f27e97d132a9377f4465,1,65535,255,218
2049,13169,0,1,0,10,12,65535,22,65535,65535,65535,4294967295,4294967295,4294967295,0,0,CN,29.08649,119.66308,1392188400,1392190200, ,0x9da8a3409c2a78bbd4ecc805b212c433,1,65535,255,218
2049,13170,1,1,0,10,12,65535,25,65535,65535,65535,4294967295,4294967295,4294967295,0,0,CN,29.11763,119.64308,1392188400,1392190200, ,0xaa23b080fcf9a22054378d4a713b08b3,1,65535,255,218
2049,13175,0,1,0,10,12,65535,24,65535,65535,65535,4294967295,4294967295,4294967295,0,0,CN,29.0896,119.65316,1392188400,1392190200, ,0x36d6ac7face33018996cdc396b8bf76f,1,65535,255,218
2049,13176,0,1,0,10,12,65535,22,65535,65535,65535,4294967295,4294967295,4294967295,0,0,CN,29.05975,119.49953,1392188400,1392190200, ,0x2c6a24ec7c3bf1130a7356c298092dfa,1,65535,255,218
2049,13179,0,1,0,10,12,65535,17,65535,65535,65535,4294967295,4294967295,4294967295,0,0,CN,29.20476,119.61168,1392188400,1392190200, ,0x04d77421661759242066734966e7374b,1,65535,255,218
2049,13180,1,1,0,10,12,65535,22,65535,65535,65535,4294967295,4294967295,4294967295,0,0,CN,29.07074,119.60746,1392188400,1392190200, ,0xdec2944a429c55822ea6a0e2a2adf7b2,1,65535,255,218
2049,13180,0,1,0,10,12,65535,20,65535,65535,65535,4294967295,4294967295,4294967295,0,0,CN,29.07074,119.60746,1392188400,1392190200, ,0x6dc16981d6db4187c6cae4c773f83fca,1,65535,255,218
2049,13181,1,1,0,10,12,65535,20,65535,65535,65535,4294967295,4294967295,4294967295,0,0,CN,29.07131,119.61561,1392188400,1392190200, ,0x7b54689e74822fdbb7451ff7f20eb3eb,1,65535,255,218
2049,13187,1,1,0,10,12,65535,25,65535,65535,65535,4294967295,4294967295,4294967295,0,0,CN,29.08405,119.63258,1392188400,1392190200, ,0xad248414fabee15c2f7d3f751c7a1de1,1,65535,255,218
2049,13187,0,1,0,10,12,65535,22,65535,65535,65535,4294967295,4294967295,4294967295,0,0,CN,29.08405,119.63258,1392188400,1392190200, ,0x963409ccad8e671799797488127e1863,1,65535,255,218
2049,13188,1,1,0,10,12,65535,23,65535,65535,65535,4294967295,4294967295,4294967295,0,0,CN,29.1087,119.64223,1392188400,1392190200, ,0xacc1c16264843b94ad130401a0451ee3,1,65535,255,218
2049,13188,0,1,0,10,12,65535,26,65535,65535,65535,4294967295,4294967295,4294967295,0,0,CN,29.1087,119.64223,1392188400,1392190200, ,0x5dd9831de83bc47ac6a025bc1f031256,1,65535,255,218
2049,13189,1,1,0,10,12,65535,24,65535,65535,65535,4294967295,4294967295,4294967295,0,0,CN,29.10897,119.64647,1392188400,1392190200, ,0x0e3f5c4dc12253ee1843b352f08cdd67,1,65535,255,218
2049,13189,0,1,0,10,12,65535,17,65535,65535,65535,4294967295,4294967295,4294967295,0,0,CN,29.10897,119.64647,1392188400,1392190200, ,0xf54b2077bc77e9f62b35e3b8c80dcac7,1,65535,255,218
2049,13192,0,1,0,10,12,65535,19,65535,65535,65535,4294967295,4294967295,4294967295,0,0,CN,29.10646,119.66071,1392188400,1392190200, ,0xe12f6314c5c3f3bc2392bf1cf043a53b,1,65535,255,218
2049,13193,1,1,0,10,12,65535,23,65535,65535,65535,4294967295,4294967295,4294967295,0,0,CN,29.0754,119.64083,1392188400,1392190200, ,0xe174917bd68aff621485e696beb98307,1,65535,255,218
2049,13193,0,1,0,10,12,65535,17,65535,65535,65535,4294967295,4294967295,4294967295,0,0,CN,29.0754,119.64083,1392188400,1392190200, ,0x5af110f9fbd92507c732de7bb7716418,1,65535,255,218
2049,13194,1,1,0,10,12,65535,15,65535,65535,65535,4294967295,4294967295,4294967295,0,0,CN,29.06308,119.55132,1392188400,1392190200, ,0x29d2e50941c0200c0d49fd65174b900f,1,65535,255,218
2049,13197,0,1,0,10,12,65535,31,65535,65535,65535,4294967295,4294967295,4294967295,0,0,CN,29.07574,119.64264,1392188400,1392190200, ,0x1919649d06979522f4a855a2d9b9e01f,1,65535,255,218
2050,13198,1,1,0,10,12,65535,26,65535,65535,65535,4294967295,4294967295,4294967295,0,0,CN,29.08537,119.64069,1392188400,1392190200, ,0xffdce8b9787e6de072f8fd3b3dfd96c8,1,65535,255,218
2050,13200,1,1,0,10,12,65535,30,65535,65535,65535,4294967295,4294967295,4294967295,0,0,CN,29.08325,119.62908,1392188400,1392190200, ,0x66cbd0bbad357bf58404ba924c7a0382,1,65535,255,218
2050,13200,0,1,0,10,12,65535,26,65535,65535,65535,4294967295,4294967295,4294967295,0,0,CN,29.08325,119.62908,1392188400,1392190200, ,0x30cb69ec9559d75e3e7d3dfe37453112,1,65535,255,218
2050,13201,1,1,0,10,12,65535,28,65535,65535,65535,4294967295,4294967295,4294967295,0,0,CN,29.08405,119.63258,1392188400,1392190200, ,0xbabccdd3afd6c5421a797da56b54d08a,1,65535,255,218
2049,13203,0,1,0,10,12,65535,21,65535,65535,65535,4294967295,4294967295,4294967295,0,0,CN,29.08537,119.64069,1392188400,1392190200, ,0xd5fbfeb7bacfc8b7f33ccac3a2427608,1,65535,255,218
2049,13211,0,1,0,10,12,65535,34,65535,65535,65535,4294967295,4294967295,4294967295,0,0,CN,29.10428,119.68878,1392188400,1392190200, ,0xfc808f76cbf314491ae9eb40f528ef0d,1,65535,255,218
2050,13218,1,1,0,10,12,65535,23,65535,65535,65535,4294967295,4294967295,4294967295,0,0,CN,29.08591,119.64425,1392188400,1392190200, ,0x1cd999040fb6178f153482e110a4eff1,1,65535,255,218
2050,13218,0,1,0,10,12,65535,35,65535,65535,65535,4294967295,4294967295,4294967295,0,0,CN,29.08591,119.64425,1392188400,1392190200, ,0xcf6a219d0db464912492c062bc30bd71,1,65535,255,218
2050,13219,1,1,0,10,12,65535,24,65535,65535,65535,4294967295,4294967295,4294967295,0,0,CN,29.08476,119.63673,1392188400,1392190200, ,0xf3f59adfc5654a3aa61cfbd92123968c,1,65535,255,218
2050,13219,0,1,0,10,12,65535,33,65535,65535,65535,4294967295,4294967295,4294967295,0,0,CN,29.08476,119.63673,1392188400,1392190200, ,0xe6a33e7b1d4b10b5a99acc639fefdb13,1,65535,255,218
2050,13220,1,1,0,10,12,65535,34,65535,65535,65535,4294967295,4294967295,4294967295,0,0,CN,29.06183,119.60526,1392188400,1392190200, ,0x1b47b71cf25eea7abefaccb9ee471426,1,65535,255,218
2050,13220,0,1,0,10,12,65535,32,65535,65535,65535,4294967295,4294967295,4294967295,0,0,CN,29.06183,119.60526,1392188400,1392190200, ,0xc41581f44581e5b7b125ef1af06b6ab1,1,65535,255,218
2050,13221,1,1,0,10,12,65535,30,65535,65535,65535,4294967295,4294967295,4294967295,0,0,CN,29.06354,119.64759,1392188400,1392190200, ,0x4a805e6eff9a4e2b41a5a4b3b0df5765,1,65535,255,218
2050,13221,0,1,0,10,12,65535,26,65535,65535,65535,4294967295,4294967295,4294967295,0,0,CN,29.06354,119.64759,1392188400,1392190200, ,0x9f6c931f58ddb6ea4b23920f5cb95815,1,65535,255,218
2050,13223,0,1,0,10,12,65535,37,65535,65535,65535,4294967295,4294967295,4294967295,0,0,CN,29.05807,119.58052,1392188400,1392190200, ,0xb31f50f0bec2f2259e76770dcdd872ed,1,65535,255,218
2050,13224,1,1,0,10,12,65535,29,65535,65535,65535,4294967295,4294967295,4294967295,0,0,CN,29.09793,119.6883,1392188400,1392190200, ,0x0527107972f8c193dfb5735b48e74444,1,65535,255,218
2050,13224,0,1,0,10,12,65535,31,65535,65535,65535,4294967295,4294967295,4294967295,0,0,CN,29.09793,119.6883,1392188400,1392190200, ,0x50585bcdef88a543d1356d6f33e1d225,1,65535,255,218
2050,13225,1,1,0,10,12,65535,39,65535,65535,65535,4294967295,4294967295,4294967295,0,0,CN,29.09897,119.69402,1392188400,1392190200, ,0x7da014d82bea5b54973c1fc4a0d3beb4,1,65535,255,218
2050,13247,1,1,0,10,12,65535,23,65535,65535,65535,4294967295,4294967295,4294967295,0,0,CN,29.04118,119.59762,1392188400,1392190200, ,0xcf303620496e15106bf37a97fcf6c20b,1,65535,255,218
2050,13253,0,1,0,10,12,65535,25,65535,65535,65535,4294967295,4294967295,4294967295,0,0,CN,29.04555,119.61264,1392188400,1392190200, ,0xbc2528d0ba6ba8e19ba7500063728088,1,65535,255,218
2049,13265,1,1,0,10,12,65535,42,65535,65535,65535,4294967295,4294967295,4294967295,0,0,CN,29.07051,119.60106,1392188400,1392190200, ,0xf7c91a1683db0423f9e6c24502d696ba,1,65535,255,218
2049,13265,0,1,0,10,12,65535,37,65535,65535,65535,4294967295,4294967295,4294967295,0,0,CN,29.07051,119.60106,1392188400,1392190200, ,0x7ff2261278896a3477d1e6c954cab576,1,65535,255,218
2050,13273,1,1,0,10,12,65535,23,65535,65535,65535,4294967295,4294967295,4294967295,0,0,CN,29.06715,119.64728,1392188400,1392190200, ,0x253a28e443200b55b524280757260630,1,65535,255,218
2049,13273,0,1,0,10,12,65535,36,65535,65535,65535,4294967295,4294967295,4294967295,0,0,CN,29.06715,119.64728,1392188400,1392190200, ,0xdc1243dd8ef5fd0a5ba9cf60ef26f93a,1,65535,255,218
2049,13274,1,1,0,10,12,65535,36,65535,65535,65535,4294967295,4294967295,4294967295,0,0,CN,29.06745,119.65181,1392188400,1392190200, ,0xe66527f1af93862a13489ebaf9415b98,1,65535,255,218
2049,13274,0,1,0,10,12,65535,46,65535,65535,65535,4294967295,4294967295,4294967295,0,0,CN,29.06745,119.65181,1392188400,1392190200, ,0x8c9e5889bf6937639ac67a30ca406c11,1,65535,255,218
2050,13277,0,1,0,10,12,65535,25,65535,65535,65535,4294967295,4294967295,4294967295,0,0,CN,29.0706,119.59465,1392188400,1392190200, ,0xe1d5ed6065cc09cad016c69fc21efdae,1,65535,255,218
2049,13278,1,1,0,10,12,65535,34,65535,65535,65535,4294967295,4294967295,4294967295,0,0,CN,29.07542,119.60207,1392188400,1392190200, ,0x605b8af17c8b550401b1726f4eab9a74,1,65535,255,218
2049,13281,1,1,0,10,12,65535,38,65535,65535,65535,4294967295,4294967295,4294967295,0,0,CN,29.07739,119.62111,1392188400,1392190200, ,0xba25bdd6506289db1e3b32f3e5323729,1,65535,255,218
2050,13284,0,1,0,10,12,65535,26,65535,65535,65535,4294967295,4294967295,4294967295,0,0,CN,29.08721,119.54326,1392188400,1392190200, ,0x0361f67f9f0233f1f6e413034f773283,1,65535,255,218
2049,13286,1,1,0,10,12,65535,36,65535,65535,65535,4294967295,4294967295,4294967295,0,0,CN,29.09627,119.68181,1392188400,1392190200, ,0x5a0797fcbfc0115a2e9f55931ba731ad,1,65535,255,218
2050,13290,0,1,0,10,12,65535,31,65535,65535,65535,4294967295,4294967295,4294967295,0,0,CN,29.10676,119.66295,1392188400,1392190200, ,0xa487a57b97164cae551ff700a8ad64d6,1,65535,255,218
2050,13306,1,1,0,10,12,65535,30,65535,65535,65535,4294967295,4294967295,4294967295,0,0,CN,29.11981,119.66211,1392188400,1392190200, ,0x680d7310b1c23025935562aa17e256f9,1,65535,255,218
2049,13312,1,1,0,10,12,65535,40,65535,65535,65535,4294967295,4294967295,4294967295,0,0,CN,29.12005,119.66626,1392188400,1392190200, ,0x1dcbc1419abe6898e57f9fb06949dd23,1,65535,255,218
2049,13312,0,1,0,10,12,65535,36,65535,65535,65535,4294967295,4294967295,4294967295,0,0,CN,29.12005,119.66626,1392188400,1392190200, ,0xfb1846930d6e5696e9d224fc28e52d28,1,65535,255,218
2049,13313,1,1,0,10,12,65535,41,65535,65535,65535,4294967295,4294967295,4294967295,0,0,CN,29.12286,119.66649,1392188400,1392190200, ,0x4ab7923179d776608972e0a99c9d9660,1,65535,255,218
2049,13316,1,1,0,10,12,65535,32,65535,65535,65535,4294967295,4294967295,4294967295,0,0,CN,29.13419,119.66755,1392188400,1392190200, ,0x47bc0362c58567f271c685f55399876d,1,65535,255,218
2049,13316,0,1,0,10,12,65535,39,65535,65535,65535,4294967295,4294967295,4294967295,0,0,CN,29.13419,119.66755,1392188400,1392190200, ,0x9df04d93ba658f0e45587d67d70bb497,1,65535,255,218
2049,13317,1,1,0,10,12,65535,33,65535,65535,65535,4294967295,4294967295,4294967295,0,0,CN,29.13837,119.66708,1392188400,1392190200, ,0xb7af82f922494a3c1b70c39033878b21,1,65535,255,218
2050,13324,1,1,0,10,12,65535,25,65535,65535,65535,4294967295,4294967295,4294967295,0,0,CN,29.14284,119.67105,1392188400,1392190200, ,0xd2d8afc335f783c35920f0018f5af9da,1,65535,255,218
2049,13324,0,1,0,10,12,65535,35,65535,65535,65535,4294967295,4294967295,4294967295,0,0,CN,29.14284,119.67105,1392188400,1392190200, ,0x087d61b825604956b0e1ad19923b29cb,1,65535,255,218
2049,13327,0,1,0,10,12,65535,44,65535,65535,65535,4294967295,4294967295,4294967295,0,0,CN,29.14148,119.66594,1392188400,1392190200, ,0x60b4becc2f4ac439be7dd681c866dd3f,1,65535,255,218
